"YearMon","UNRATE","UMCSENT","TOTALSL","CES3000000008","PCE","RRSFS","FEDFUNDS","M2SL","GS2","BOPGSTB","IR","IQ","DCOILWTICO","GASREGW","INDPRO","PPIACO","HOUST","PERMIT","EXPINF1YR","REAINTRATREARAT1YE","CSUSHPINSA","CUUR0000SEHA","APU000072610","PCU335311335311","STLFSI4","inflation","GOLD","BCOM"
Dec 1993,NA,NA,NA,NA,NA,NA,NA,NA,NA,1297,NA,NA,NA,NA,NA,NA,NA,NA,NA,NA,NA,NA,NA,NA,-0.297,2.81096,NA,NA
Jan 1994,0.0999999999999996,6.09999999999999,0.00733310669007992,0.00168208618298493,0.00305803956012518,-0.00810410733679134,0.0899999999999999,0.00011511785202778,-0.0700000000000003,-488,0,0.00716848947861326,0.0713860590865489,0.0059880418446225,0.00287367946692818,0.00420698979762868,-0.186636134971747,-0.0498173856259623,0.1927787,-0.05935526,0.0010875476873986,0.00197303582585828,0,-0.00376364764930415,-0.22,2.45098,-0.0323888622183963,0.0337806023360008
Feb 1994,0,-1.09999999999999,0.00950835784338544,0.0058651194523982,0.010306349839281,0.016487640492219,0.2,0.000230195955323254,0.33,-3038,0.0042689499195756,0,-0.0497749008319714,-0.000995520241501511,0.000582731830276906,0.001677852742616,0.0498378332018756,-0.0910745584103498,-0.0503885999999998,-0.11344722,6.3936574939305e-05,0.00393443130483462,0,0.00676440008854229,-0.2666,2.51572,0.00671983555091415,-0.010259872220022
Mar 1994,-0.0999999999999996,-1.7,0.0123954701534625,-0.0016722411923622,0.00288836878752896,0.0168585272379769,0.0899999999999999,0.00126513142611095,0.53,2779,0.00106439605578679,0.00203873668984755,0.0191262660935267,0.00793654959573636,0.0101498906066313,0.00334728346005786,0.156818344003313,0.0559318498172399,0.4681836,-0.43814255,0.00183962135251114,0.00261438057407037,-0.0111733005981249,0.0089486055760144,-0.231,2.65178,0.0232342205693925,-0.00080938895555871
Apr 1994,-0.0999999999999996,1.09999999999999,0.0107753625905271,0.000836470144966128,0.00538795563451977,-0.00227935156911308,0.22,0.00034475824170066,0.55,-1421,0.00741921792202849,0,0.135221438658022,0.0244033583821164,0.00589613804265277,0,-0.0653913996540894,0.0365805233627379,-0.0529156,0.96759853,0.00449536258234762,0.000652528571277955,-0.0112995552539337,-0.00521028346540753,-0.0948,2.36439,-0.0345919760485325,0.0179930487966429
May 1994,-0.300000000000001,0.200000000000003,0.0130929442699941,0.00167084416481744,-0.00034259041510154,-0.0063765875285835,0.45,0.00272514905961252,0.42,159,0.00841224729465218,0.00305033281762324,0.078404705669298,0.0181562560366796,0.00459049595854744,0.0016694494695404,0.040794690393235,0.00286944242795251,0.0239503999999999,0.2455217,0.00642136066683108,0,0.0224728558520586,0.00595239852729534,-0.1933,2.28849,0.0256995919158243,0.0486103971352874
Jun 1994,0,-1.59999999999999,0.0123592508072843,0.00166805710069706,0.00840233553710057,0.00899463778906906,0.24,-0.00324233100425175,-0.04,-652,0.00834207131739539,0,0.0568244175715291,0.0362661779843943,0.00672844968713626,0.00499169089724116,-0.0797696999457225,-0.0283346234874484,0.179444,-0.2962839,0.006204750856309,0.000652103055386988,0.0540672212702762,-0.0037160949490147,-0.0933,2.4948,-0.0022030722316897,0.0244937734563013
Jul 1994,0,-2.2,0.00745816070987715,0.00249688019858718,0.00248157505790658,-0.00198656767631178,0.00999999999999979,0.00249723854966355,0.2,-359,0.00930239266231325,0.00202839826139289,0.0468954086288371,0.0172027782366282,0.00132950567949841,0.00165837517277634,0.0210681949886879,-0.0163450890005192,-0.1380458,0.2263845,0.0045191451742479,0.00325415191167799,0,0.00593914143696139,-0.2161,2.69896,-0.00350900353557471,0.0100484617887773
Aug 1994,-0.0999999999999996,2.7,0.0145726271787527,0.00249066131245179,0.00885782744506436,0.0102685782174827,0.21,-0.00071695897764279,0.0499999999999998,436,0.0041067819526539,0.00202429218923061,-0.142721984003635,0.0413245612106621,0.00668185751292683,0.00413394553172797,0.00761512852725232,0.0309759278943043,0.00335570000000018,0.5159323,0.00316747988980737,0.00389105549296698,0.0104712998672953,0.00221811551202133,-0.3181,2.90055,0.0057120757672644,-0.0309423889838154
Sept 1994,-0.0999999999999996,-0.200000000000003,0.0132191708582567,0.00248447332766188,0.00260023632498729,0.00745453328721268,0.260000000000001,0.000114747984865105,0.21,-7,-0.0041067819526539,0.00202020270727576,0.0422754831482379,-0.0279494175482295,0.00314054926155194,-0.00165152803847235,0.0164162373346617,0.0250999193245329,-0.0366822,0.0348679999999997,0.000286324282877004,0.00323102058144631,0,0.000738279841581146,-0.2131,2.96552,0.0232866203049804,-0.0023416223233701
Oct 1994,-0.100000000000001,1.2,0.0115203836896072,0.00165289293829973,0.00790583911030929,0.00620589579205522,0.0299999999999994,-0.000516469654542107,0.340000000000001,-848,0.00717583807007127,0.00603623563184996,-0.010953012019197,-0.0071111410775021,0.00801293123785829,-0.000826787975994669,-0.0164162373346617,-0.0106800587962255,0.2468286,-7.22999999998031e-05,-0.000435743416274725,0.00128949082987173,-0.0317486983145803,0.0124680749720287,-0.2081,2.60989,-0.0203136975440401,0.00382889578836032
Nov 1994,-0.2,-1.10000000000001,0.0132905535192762,0.00329761222155645,0.00263526634844169,-3.85230271433556e-05,0.53,0.000831958736933203,0.42,-457,0.00610999864157868,0.00699653028983693,-0.00552182518430788,-0.0143758091203067,0.00681262295668539,0.00495050515985618,0.0412081268581197,-0.0416574663120048,0.0754651000000002,0.00995249999999981,-0.0016825054600007,0.00257400399517227,-0.0217399866364061,-0.00365097156188021,-0.1978,2.60274,-0.0105093409679924,-0.00658198407876931
Dec 1994,-0.0999999999999996,3.5,0.0160466439649039,0.0016447372128785,0.00331016522045502,0.000639290178629182,0.16,-0.000229436733826915,0.44,1159,-0.00101574411983574,0.00694791876879641,-0.0161879058222794,-0.0256659367954647,0.0101664259222325,0.00328677370662334,-0.0377657826671465,0.0409413903773608,0.3333726,-0.0268812999999999,-0.00113573263835232,0.000642467095661736,0,0,-0.0316,2.5974,-0.00221975673831309,0.023110937981202
Jan 1995,0.0999999999999996,2.5,0.0130432899602617,0.00246204473977496,0.00198085241396129,0.00229192083222074,0.0800000000000001,0.00171949374629676,-0.0800000000000001,-868,0.00304414238122863,0.00788181420225342,0.039177424046978,0.00555556984460205,0.00170053619793809,0.00816998008476322,-0.0335461224912041,-0.0851896458417025,-0.2070511,0.3158108,-0.000649569682940054,0.00256574868143389,0,0.00292184283836416,-0.345,2.87081,-0.0175385256431122,-0.0108340691862665
Feb 1995,-0.199999999999999,-2.5,0.00804760823347195,0.00327332534496927,-8.24572253605993e-05,-0.0172563025219485,0.39,-0.000716096445820824,-0.399999999999999,507,0.00706716722309242,0.00587085834978396,0.00216216300449501,-0.00927650437029215,-0.00112868730501159,0.00487013949604265,-0.0668629452291265,-0.0220829162877489,-0.136455,-0.0725238999999998,-0.000424946888034405,0.00192000058982433,0,-0.00145985427386464,-0.2504,2.86299,-0.000399175043554578,-0.00582227866087948
Mar 1995,0,-4.8,0.0146899090622679,0,0.00710752565826489,0.0088939274597255,0.0600000000000005,0.000343790291310597,-0.33,-891,0.00501757199197961,0.0048661896511728,0.035016840237259,0.00186219793106471,0.00166030115828697,0.00323363256706433,-0.0522536017596851,-0.0225816046967093,-0.0895881999999997,-0.0960249000000002,0.00106202882457573,0.00191632125076424,0,0.00145985427386464,-0.4567,2.78722,0.02847027318656,0.019492400963804
Apr 1995,0.399999999999999,2.2,0.00968856367567916,0,0.00098203698714272,-0.00329001266695883,0.0699999999999994,0.00231749814036242,-0.21,99,0.00996024170505549,0.00966191091173663,0.0597041222270298,0.056951674124513,-0.00172772579021618,0.00563381771825622,0.014308670195561,0.0265609175481902,-0.00970320000000013,0.2009406,0.00363981255451762,0.00191265598633272,-0.0110498361865852,0.00291333053835796,-0.4303,3.125,0.00760263954431917,0.0153638563882383
May 1995,-0.2,-2.7,0.0131125835669401,0.00326264563481615,0.00873439124020159,0.0120057066262014,-0.04,0.00711908921212689,-0.4,519,0.00888017675685848,0.00288046286535426,-0.0754690309649675,0.0522155403412382,0.00489890698511886,0.00240481077817911,0.0364240187234168,0.00948623714510699,0.00181709999999979,1.3487137,0.00399846554747718,0.00127307464679838,0.0219789067187754,0.00435414330862027,-0.3274,3.11864,-0.0135704828920975,-0.0121102321750586
Jun 1995,0,2.90000000000001,0.0111970392427789,0.00244001747736577,0.00896016327010507,0.00969048706291709,-0.00999999999999979,0.00698423616363364,-0.45,-1533,-0.00393701295933901,0.00191570939813879,-0.0827830408801087,-0.0142799570614708,0.0033088514322035,0.00319744477049078,-0.0254348971478215,0.02639904856734,-0.409125,-0.6010502,0.00466120613231524,0.0019065782705816,0.0631789016215318,0.0100865408461734,-0.2686,3.0426,0.00868049759790601,-0.0145937630159558
Jul 1995,0.100000000000001,1.7,0.00778638552952593,0.00647775544468887,-0.00146767620864985,-0.00768814649479133,-0.15,0.00519934282593937,0.0600000000000005,2935,-0.0029629651306573,0.00286670048207593,0.0137145006707877,-0.0432219392029153,-0.00418989274010606,0,0.131480109853966,0.0368601337154262,0.19966,-0.6745331,0.00422203838621371,0.00253646299590837,0,0.00286328041001571,-0.2818,2.83019,-0.0110254700117078,0.0145418713035692
Aug 1995,0,1.8,0.0109490654299105,0.000806776969940248,0.00703727028322554,0.00787066016481219,-0.109999999999999,0.00603657302340288,0.2,984,-0.00297177038915741,-0.00478240988021472,0.0152072770125944,-0.0133394596939275,0.013169322992451,-0.00159744442915688,-0.0312851374970347,0.0233587262776283,0.0107865,0.0830451999999999,0.00298037223807324,0.00189813407195771,0,-0.00143061540851974,-0.2221,2.61745,-0.00444445176042407,0.0122338933639172
Sept 1995,-0.100000000000001,-7.3,0.015491172102104,0.000806126605524593,0.00303217930656352,-1.52082002617959e-05,0.0599999999999996,0.00364339655717494,-0.170000000000001,780,0,0.000958313441811853,-0.0197579105765908,-0.00718781171883368,0.00402517618747922,0.000799041193132233,-0.0337554489652163,0.024938948347252,-0.0576467000000003,-0.3152502,0.00102818962018514,0.00189453798378114,-0.010256500167189,-0.00358551836259657,-0.4038,2.54521,0.00548734065692713,0.00517431183799033
Oct 1995,-0.0999999999999996,1.3,0.00623010140119185,0.00161030630610393,-0.00131547495650253,-0.0062931909636994,-0.04,0.00313214863504463,-0.109999999999999,-190,-0.003976148379639,0.000957395956326934,0.00738429938756813,-0.0376709678302268,-0.00175910741090579,0.000798403236024647,0,-0.0148886124937508,-0.0789188999999997,0.3245308,-0.000134583738817362,0.00252048022533558,-0.031416196233379,0.00715822670017019,-0.139,2.74431,-0.00352411772416072,0.0037768739637194
Nov 1995,0.0999999999999996,-2,0.0165936513656586,0.00160771738809684,0.00828248440998358,0.0132873127623583,0.04,0.00179724378904034,-0.22,-400,0.00199005040800948,0,0.0333920840583102,-0.00657588090615712,0.00263200589463253,0.000797766296797953,0.0588613700962926,0.0212022076506031,-0.1476805,-0.2005003,-0.00117531845067287,0.00251414337333244,-0.0215062052209638,0.00213751417331132,-0.4621,2.60347,0.0141514857596352,0.0110146626933263
Dec 1995,0,2.8,0.00755353399276792,0.00320770122676972,0.00825368367563861,0.00108677615562769,-0.2,0.00264849659602895,-0.16,243,0.00396825917562094,-0.000957395956326934,0.0672032762247214,0.0195993207924438,0.00346482442308371,0.0023894873973811,-0.0145684158282906,0.00835659459094185,-0.2314544,0.7272196,-0.00144655732382759,0.00188146809970569,-0.0109290705321903,0.00284293013083392,-0.0673,2.53165,-0.00296946832362988,0.0472839612752844
Jan 1996,0,-1.7,0.0109206490313536,0.00876848981994582,-0.00231754365651149,-0.00635624217295749,-0.04,0.00505676181290049,-0.21,-2194,0.00197824001210556,0.00477783995371261,-0.0955149090506127,0.00461042771478251,-0.00574007879136751,0.00476191376024371,0.0248459985865308,-0.0388878975300635,0.25197,-0.637862,-0.00105559043077363,0.00250313021811799,0,0,-0.3913,2.7907,0.0417835181439079,0.00247959725906988
Feb 1996,-0.0999999999999996,-0.799999999999997,0.00848186084227187,-0.00317965291737954,0.00921863944004109,0.0130770108115037,-0.34,0.0038031702407082,-0.0800000000000001,1146,-0.00197824001210556,-0.00190839752576011,0.0980704943924251,0.0182320455874275,0.0145291599264654,-0.000792079249332112,0.0162275366217566,0.0235137302804755,-0.0841485000000004,-0.2729481,-0.000331636259480739,0.00249688019858763,0,0.00354233455783781,-0.4355,2.71703,-0.00709355223851649,0.0171683325770067
Mar 1996,0,5.2,0.00735874555794602,-0.00478851673179692,0.00785946351723332,0.000516844265357363,0.0899999999999999,0.00683116676615292,0.63,-437,0.00592301830312181,-0.000955566245668393,0.0897725775290366,0.0502086955827462,-0.00122504262904055,0.00158353160564406,-0.0459772227928168,0.0119007354837182,-0.3028812,0.4520703,0.00326244555562116,0.00124610608024689,0.0109290705321903,-0.00425230973853008,-0.1094,2.84392,-0.00915883699835796,0.0424805020749179
Apr 1996,0.0999999999999996,-1,0.00783723260907898,0.0150856374180406,0.00668512213903227,0.00403566878338069,-0.0899999999999999,0.00292500817921137,0.3,-988,0.00881926343408157,0.00571974867278691,-0.0226531631173392,0.0895139702660234,0.00990121826052093,0.00788026142530551,0.0626054742303959,0.0179315149410995,0.5165626,-0.00796090000000005,0.00559247330383439,0.00186625248567651,0,0,-0.2044,2.83267,-0.0166490469575145,0.0434094018823883
May 1996,0,-3.3,0.00860925867794293,0.00157480347506667,0.00302920149577446,0.00694199481869084,0.0200000000000005,0.0032130493533824,0.14,-515,-0.00685269446204106,0.00379507096855125,-0.0579730091856212,0.00156985903512,0.00744558362292391,0.00547946576462621,-0.00794706169253168,-0.00410959482491968,0.114454,-0.2822996,0.00579141650408665,0.00186277607418983,0,-0.001421464347378,-0.2891,2.82709,0.00102472149353616,-0.00885436890980262
Jun 1996,-0.3,3,0.00822418349530629,0.00314218640307251,0.00114793002580349,-0.00992233352639182,0.0299999999999994,0.00347143148091256,0.2,1799,-0.0108643043919052,-0.00189573516489894,0.0565400020141968,-0.0238106486937184,0.00759337824118411,-0.000780944983072018,-0.024908726366804,-0.0194046282653373,-0.0216832,0.0710805999999997,0.00539690173875673,0.00309693651053333,0.0425596144187961,-0.0121647296162664,-0.0492,2.82152,-0.023969535192788,-0.00563750511302175
Jul 1996,0.2,2.3,0.00907427068103495,0.00391389932113606,0.00421687946585791,0.00453048397156941,0.130000000000001,0.0039144240019926,-0.0300000000000002,-2672,-0.000993542058878027,-0.00475512070501072,-0.0222338786732417,-0.0219253606289657,0.000153746035709723,0,0.00340252114583972,0.0145886574847527,-0.0812626000000001,0.3015851,0.00444530611636385,0.00308737509825185,0.0307716586667537,-0.00144092243951199,-0.089,2.88336,0.0109547261398655,-0.0190305239639441
Aug 1996,-0.4,0.599999999999994,0.0070758712644956,0.00156128056695248,0.00438876346842498,-0.00118475039099053,-0.180000000000001,0.00184464903732717,-0.239999999999999,-225,0.000993542058878027,-0.00190839752576011,0.0838702480887688,-0.00741659765504959,0.00510523528457529,0.00234100770197365,0.0561388725451772,-0.0258484527300924,-0.0375486,-0.2243598,0.00271750683502425,0.00184786008847926,0,-0.000721240564983461,-0.3351,2.8123,0.00452928629359395,0.0431537044113632
Sept 1996,0.100000000000001,-0.599999999999994,0.00389959543383789,0.00233735984870487,0.00408642590676322,0.00807905188909785,0.0800000000000001,0.00250753725968877,0.2,162,0.0108643043919052,-0.00767021977130966,0.0840106245503915,-0.00747201483870108,0.00623963211821454,-0.000779727135021169,-0.0541029030600786,-0.0149735417901624,0.0274521000000001,0.2205886,0.000681211148010341,0.00245851383820739,0,0.00575541157062087,-0.0824,3.00457,-0.0207430306021248,0.000666120131209702
Oct 1996,0,1.8,0.00493717570254937,-0.0015576327136837,0.00600466740998051,0.00752996742663647,-0.0599999999999996,0.00515533548587932,-0.32,3560,0.00587660848898519,-0.00289156827979919,-0.0400475011292754,0.0124225199985573,0.00029609405001807,-0.00156128056695248,-0.0579164278795545,-0.0247285327757236,0.0457616000000001,-0.3133739,-0.000872511753581939,0.00245248436841994,-0.041242958534049,-0.00287356519573212,-0.1946,3.06189,0,-0.0183167296121551
Nov 1996,0.2,2.7,0.00896278792573391,0.00388954204866243,0.00425106214318838,-0.00481942827564552,0.0699999999999994,0.00589332960064404,-0.21,-633,-0.00195503483580328,-0.00386847677792002,0.0191699161077201,0.0235879175244758,0.00914478517206874,0.00156128056695248,0.067363191789644,0.0389941099345457,-0.0818246,-0.2074808,-0.000873273695193966,0.00244648440066975,-0.0320883145515007,0.0014378147696279,-0.2896,3.25309,-0.0197024477638283,0.0502262870588988
Dec 1996,0,-2.3,0.00882682196271567,0.00542006746933898,0.00510728243941116,-8.85118938427354e-05,-0.0199999999999996,0.00617310233566926,0.0800000000000001,-3207,0.00293112080885916,0,0.0887679205644063,-0.0137598285882132,0.00638664809245615,0.0069957533660272,-0.0832940138618383,-0.000708466200372904,-0.1354691,0.3001762,-0.000790192081727703,0.00183094344710977,0,0.00501613377111632,-0.1017,3.37882,-0.00633895170012888,0.00914496222082217
Jan 1997,-0.100000000000001,0.5,0.00392403190836887,0.00308404253696182,0.00602428210065398,0.00933893208652847,-0.04,0.00418126360492721,0.23,-794,-0.00293112080885916,0.000968523078130445,-0.0699585886069101,0.0089250085336299,0.0015838703738682,0.0046367934698015,-0.0110092855083694,-0.0207669475251988,0.1941599,-0.3037811,0.000467007151302212,0.00243605479788123,0,-0.00933579491563297,-0.2482,3.03814,-0.0687416321995356,0.00202181500103737
Feb 1997,-0.0999999999999996,2.3,0.00276605822506149,0.000769526779028418,0.0042231116420286,0.00480424921918932,-0.0599999999999996,0.00304652034247255,-0.109999999999999,1493,-0.00983292091623866,0.00193423657983072,-0.17366349405084,-0.012190317557369,0.0118678167995965,-0.00929518698712339,0.092286491963903,0.0445775962189172,-0.0265275000000003,-0.1960387,0.000789823288189773,0.00243013485329158,0,0.000721240564983461,-0.387,3.03226,0.0442248937378569,0.00652046877466272
Mar 1997,0,0.299999999999997,0.00181752432454019,0.00230503367521706,0.00371044308060142,0.00663972633139309,0.199999999999999,0.00386636874769586,0.319999999999999,1393,-0.0119285708652734,0.000965717119958853,0.00246002584086247,-0.0189852999110808,0.00632608016011016,-0.00938239877191371,-0.0197084190824999,-0.00624785093836344,0.1035851,0.4742745,0.00376104128564769,0.00181873345071093,0.0108109161042158,0.00932909528851766,-0.3871,2.76527,-0.0312657490953523,0.0162294654737307
Apr 1997,-0.100000000000001,1.40000000000001,0.00783307758546314,0,0.000934622324871626,-0.0154933496972163,0.12,0.0040836426964681,0.23,297,-0.0120725812342695,0,-0.00739830748144499,-0.00417537141048055,0.00117151451536834,-0.00235941910476978,0.0237379745685011,-0.0105006215110688,-0.0016503000000001,0.1553451,0.00486237145139956,0.002419843891035,-0.0108109161042158,-0.00573067470898447,-0.2433,2.43434,-0.0262352897448892,0.0035188405795088
May 1997,-0.199999999999999,1.8,0.00359691825222441,0.00306513649937701,0.000164842712951696,-0.000704638901732224,-0.00999999999999979,0.00314182226457405,-0.17,-308,0,-0.00193236775105365,0.0388398333162638,0.0141257022636486,0.00552436097756726,0.0031446566794715,-0.0340864629188111,-0.00493828164058296,-0.0986569999999998,0.0144326000000001,0.00643089033029032,0.00241400237928158,0.0108109161042158,0.00358551836259657,-0.2359,2.23785,0.0154476986158922,0.0103803596080132
Jun 1997,0.0999999999999996,1.3,0.00326374657751316,0.00076481839292164,0.00620757123702376,0.00936915347852363,0.0599999999999996,0.0043103515011218,-0.19,1240,0,-0.00193610902686636,-0.0578309088215812,-0.0259103504318974,0.00458543654776378,-0.00157109223204088,0.0354260478478681,-0.00852277886198216,0.0669323999999998,0.1771334,0.00628441600075025,0.00300933119070912,0.062520356981334,0.00285918708004562,-0.1031,2.23357,-0.0344252881733818,-0.0634502148589542
Jul 1997,-0.0999999999999996,2.59999999999999,0.00460680282556325,0.00152788417805327,0.00988869780442769,0.011168612832039,-0.04,0.00457222472410557,-0.2,121,-0.00304105657577924,0,0.0184959034229042,-0.00935778840556059,0.00850594265971072,-0.00236127618568016,-0.0388994796137379,0.0267433249755111,-0.1107643,0.157004,0.00517400608815954,0.00240096153753822,0,-0.000714030733657722,-0.3195,2.16561,-0.0243933010047783,0.0275857852589949
Aug 1997,-0.100000000000001,-2.69999999999999,0.00421000027677287,0.00532928554808398,0.00686078231298026,-0.00188642621480817,0.0200000000000005,0.00850118679760925,0.0500000000000007,-1710,-0.00101574411983574,0,-0.0266013176057256,0.061328245507323,0.00995494609358527,0.00236127618568016,-0.0332538599542875,0.00623054975063564,-0.1211049,-0.285332,0.00360478081432714,0.00299311806813218,-0.0101523714640179,0.000714030733657722,-0.2449,2.29008,-0.00184218658177038,-0.00516911322472424
Sept 1997,0.100000000000001,1.59999999999999,0.00571353363757332,0,0.00262765262417908,0.00372622090678654,0,0.00395940243630655,-0.0600000000000005,-526,0,-0.00291121020745866,0.072107716908945,-0.027711634708338,0.00911757545657377,0.00235571369245946,0.106367203022629,0.0305834233720805,0.0442700999999999,0.2019383,0.00186704602984555,0.00298418604032769,0.0101523714640179,-0.00357526301468969,-0.1425,2.2194,0.0102423887070371,0.0066550946539623
Oct 1997,-0.2,-0.400000000000006,0.00593977054932182,0.00907035696996417,0.00640605781672576,-0.00279696327349122,-0.04,0.00482085951366784,-0.11,180,0.002030457550382,-0.00389484426154052,-0.00142079114594473,-0.0234124406247433,0.00882784998199604,0.0023501773449528,-0.0169606153070445,0.00334113240983491,-0.0253517999999997,-0.5156165,0.00112318579688253,0.00238095350574152,-0.062520356981334,0.006426298445529,0.6378,2.08597,-0.0574357951829105,-0.000277433254603388
Nov 1997,-0.100000000000001,1.60000000000001,0.00234017614542914,0.00225479238708903,0.0041420387041331,-0.00383063457387856,0.0199999999999996,0.00562002703133224,-0.0599999999999996,-697,-0.0050838950372718,0,-0.0980152570298594,-0.017065260554187,0.00784428889502831,0.000782166641362991,-0.00660068403135217,-0.0202163219287206,-0.0553813000000001,-0.1663169,0.00257739548491998,0.00296824201307455,-0.0108109161042158,-0.00785999044737729,-0.1268,1.89036,-0.0444664065393496,-0.0445233587786396
Dec 1997,0.100000000000001,-5.10000000000001,0.00932820530534428,0.00299850299625692,0.00546102896844936,0.00613923242542569,-0.0199999999999996,0.00449818718867157,0.00999999999999979,-1503,-0.00921665510492442,-0.00488998529419238,-0.0805220000728557,-0.0439824626013287,0.00424944358291679,-0.00863766658167187,0.036414946741778,-0.00888894741724577,0.00270659999999978,0.6686433,0.00250168734888678,0.00236826635261256,-0.0219789067187754,0.00928246579391967,0.1086,1.69705,-0.0262768914851046,-0.0455173407361187
Jan 1998,-0.100000000000001,4.5,-0.00356421096780402,-0.00149812762102197,-0.000386575299138769,0.00195203231164953,0.0599999999999996,0.00576085459171516,-0.359999999999999,513,-0.0134647295770005,-0.00688640202963331,-0.0252451731558576,-0.0422468700847379,0.00437378427594659,-0.0111024138043048,-0.0265301875092359,0.0657825958567031,-0.1784507,-0.1794837,0.00363185393694998,0.00236267091596964,-0.0454623740767572,-0.000710984743778731,-0.232,1.63112,0.0426460560491391,-0.000518065305678661
Feb 1998,0,3.80000000000001,0.00325119145509412,0.00374111921560338,0.00594024719142894,-0.000925305004207289,-0.0499999999999998,0.00802941048838335,0.0599999999999996,-788,-0.00942909028885186,-0.00296589441337769,-0.108529065626818,-0.0208538362832058,0.00161748961826813,-0.00319489089651892,0.037958883332859,0.057479905564306,-0.1393013,-0.1251681,0.00240629878573362,0.00235710185738203,-0.0116960397631911,-0.00928909859080473,-0.4689,1.4402,-0.0175487080490129,-0.0479198784317294
Mar 1998,0.100000000000001,-3.90000000000001,0.00644332448110418,0.00298285083206506,0.00461910687850242,0.00505362487688998,-0.0199999999999996,0.00619272507650237,0.14,-1316,-0.00951884500920652,-0.00297471711674291,0.0198788206750122,-0.0135006872189026,0.000351591012125674,-0.00240288461631089,-0.0107903300183505,-0.0258316946135242,0.2537753,0.1686042,0.00574022288847775,0.0023515589907559,0,0.00644009381472976,-0.3378,1.37672,0.0112332474702272,-0.00162285160262066
Apr 1998,-0.4,2.2,0.0204605503676181,-0.00223630357828064,0.00655205838378414,0.0141579851465359,-0.04,0.00627538554633489,0,-1060,-0.0021276603771172,-0.0039801047566268,-0.0121368465213965,0.0096619109117369,0.00342538318061347,0.00160256444554108,-0.0173805469483463,-0.0368061849910504,-0.1447473,0.00797709999999974,0.00770812825876899,0.00234604213175249,0,0.00568991577767886,-0.2125,1.4384,0.0353787306440383,-0.017358472586281
May 1998,0.100000000000001,-2.2,0.00192732514218363,0.00372439909098254,0.0085670573863208,7.74334336828275e-05,0.04,0.00582811176934506,0.0300000000000002,-262,-0.0021321969698409,0.000996512289739293,-0.0227504124790441,0.0284379353205335,0.00656971253341165,0.0016000003413339,-0.00260078170005684,0.00451468035452685,-0.0818964000000002,-0.109482,0.00917200445712751,0.00234055109775255,0.0116960397631911,0.00212539931231337,-0.1694,1.68856,-0.0607050885233784,-0.0545853213410012
Jun 1998,0.0999999999999996,-0.900000000000006,0.00793674460269322,-0.00223297450431259,0.0057730569574268,0.00830677270758251,0.0699999999999994,0.00471941943215981,-0.0700000000000003,955,-0.00642400496135487,-0.00499252160312125,-0.0616935690053402,-0.0122239415857143,-0.00601665528614514,-0.00240096153753822,0.0661241773824734,-0.00193236775105365,-0.1798188,0.2721209,0.00913299214546903,0.00350058700528244,0.0565122102633424,0.00353232440754514,-0.1908,1.62297,0.0113917749828731,-0.0261764816890446
Jul 1998,0,-0.399999999999991,0.00492149728588487,-0.00597909105605776,0.00311179757467173,-0.00958166766622348,-0.0199999999999996,0.00469725109312158,-0.0599999999999996,-702,-0.00863004277421453,-0.00401204148996115,-0.00210010577711639,-0.00664454271866848,-0.00385298669351375,0.000800961196204319,0.0341452757812011,0.0373342948019699,0.271159,-0.603334,0.00734586717161623,0.00290782409020007,0,-0.00494875523925842,-0.1137,1.74564,-0.0217046886611127,-0.0664396446580913
Aug 1998,0,-0.799999999999997,0.00429691149339284,0.00895528372910404,0.00592468935770007,-0.00884917672798835,0.00999999999999979,0.00590573907413017,-0.19,-2079,-0.00325556445976627,-0.00503779402995708,-0.0711475587635912,-0.0358739389028858,0.0204919010582776,-0.00562024763215341,-0.0507355180413978,0.0269624176051275,-0.0237392999999999,0.0796337,0.00600220162951626,0.00347826437632559,-0.0110498361865852,-0.00212841513482598,0.8693,1.61692,-0.0568738899075347,-0.0697449590397659
Sept 1998,0.0999999999999996,-3.5,0.00763182383313321,0.00444774639823597,0.00682895022625196,0.0102718825031314,-0.04,0.00918042321693058,-0.6,1208,0.00217155351350762,-0.0050633019565467,0.19738189496439,0.000986679902445204,-0.000532327914960717,-0.00322580924888261,-0.0200257005022957,-0.047672288620598,-0.1788008,-0.1065651,0.00376722310144739,0.00346620797648622,-0.0111733005981249,0.00919059137911216,0.6361,1.4268,0.0729839212701009,0.0707737145024252
Oct 1998,-0.0999999999999996,-3.5,0.00578513003735104,0.000739371567878955,0.00554981197794113,0.0140613121184412,-0.44,0.00937550596225201,-0.58,5,0.00108401094625865,-0.00101574411983574,-0.111625380731974,0.000985707324759125,0.00681299909485134,0.00161420535454138,0.0807232112724412,0.0862184184198105,-0.1734649,-0.1219007,0.0026884223625272,0.00287935701379549,-0.0342890734786323,0,0.7529,1.48607,-0.00340599784310314,-0.0336167997938519
Nov 1998,-0.0999999999999996,5.3,0.00216503560505288,0.000738825301432211,0.00276339840582729,0.00477013930629866,-0.24,0.00894338389240978,0.45,-358,-0.00543184388236195,0.002030457550382,-0.241790079195126,-0.0412325878333525,-0.000758427164532449,-0.00323102058144631,-0.0325954782494513,-0.0277222117382019,-0.0143596000000001,-0.0979211999999996,0.00214988464747456,0.00344432028224428,-0.023530497410194,-0.0056457454125729,-0.0382,1.48423,0.00900065514164972,-0.078613502809767
Dec 1998,0,-2.2,0.00887372500326578,0.00147601502812034,0.00911812637067655,0.00884292144654886,-0.15,0.00664972297403388,-0.0300000000000002,428,-0.00875279110959504,-0.00101471343054627,0.0655274778689079,-0.0387280214041128,0.00452014959345082,-0.00649352931054903,0.0765147121842871,0.0410133637678012,-0.0753341999999999,0.3441784,0.00267546370890148,0.00228964038207469,0,-0.00354484596653926,0.1798,1.60692,-0.0284655707891961,-0.0383537503395539
Jan 1999,-0.100000000000001,3.40000000000001,0.00718071256713415,0.00220994565080312,0.000559928870726978,-0.00128787429516386,-0.0499999999999998,0.00624247351011853,0.11,-1131,0.00329128108407328,0,0.0537203302772906,-0.00106780576083014,0.00431124510497849,0.000814000858947672,-0.024860037319395,-0.00575706829006783,0.1250846,-0.3864081,0.00291643019880539,0.00228440990263223,0,0.000709975180692268,0.2562,1.66667,-0.00628164689882826,-0.00792303102036929
Feb 1999,0.100000000000001,4.19999999999999,0.00701655046049865,0.00293901754538872,0.00415671216507185,0.0127234938759671,0.13,0.00516492630601206,0.26,-2592,-0.00109589052063708,-0.00203252102492257,-0.039814175712281,-0.0314730263624555,0.0060630796503478,-0.00489397387886292,-0.0456486508046803,-0.00695251931488183,0.0226528000000004,-0.0701243999999999,0.00288644005332284,0.00170988927382787,0,0.00141843995413371,0.0554,1.66667,0.00401782355499325,-0.0389404016170403
Mar 1999,-0.2,-2.39999999999999,0.00661384873564153,0.00439239359191612,0.00552641160615508,0.00488816944911186,0.0499999999999998,0.00153526626380618,0.17,749,0.00328407520119001,-0.00407747761665611,0.302598696542335,0.17642400929129,0.00226605268944535,0.00244998080898462,0.0236697440859048,-0.0324991673929542,0.2931098,0.5259204,0.0067526543609242,0.00227531383713497,0,-0.00141843995413371,0.1434,1.7284,-0.0247100464940839,0.0874165067685615
Apr 1999,0.0999999999999996,-1.10000000000001,0.00467020595752565,0.00364564749384577,0.010784616993913,0.00125195213164631,-0.0699999999999994,0.00647629877710898,-0.0699999999999994,-227,0.00978800636616217,0.00204081703485315,0.114977984728775,0.0442910167096936,0.00229598609150639,0.00812352152147966,-0.0963048263480184,-0.0398214941866719,-0.0105469,0.0690854000000001,0.00877436511781671,0.00227014853453955,0,-0.000709975180692268,-0.0867,2.28113,0.0213921354785995,0.0360480189364534
May 1999,-0.0999999999999996,2.2,0.00716113422314457,0.00435730536895607,0.00524471101504176,0.00642351678990316,0,0.00552110930280314,0.27,-2100,0.00754720563538314,0.0010188487891023,-0.103637964669101,-0.0178416864764905,0.00630264725838536,0.00886030766239987,0.0366665600282872,0.0246926125903713,0.0420908999999998,-0.3405924,0.00974723073947459,0.00169923575295972,0.0118344576470029,0,0.296,2.09102,-0.0531638920036333,-0.0669438784461578
Jun 1999,0.0999999999999996,0.5,0.00757856333420825,0.00433840159859811,0.00451475263360379,0.00386236083867963,0.0199999999999996,0.0048698687541826,0.37,-2846,-0.0021505384632281,0,0.137307636421869,0.00179856163591484,-0.000784677912008647,0.00400160598000721,-0.0328105141191974,0.0371077883150761,-0.3961172,1.2872009,0.0104628888995464,0.00226116546313726,0.0459851132418234,0,0.0464,1.9656,-0.0370169083040714,0.0501603684424463
Jul 1999,0,-1.3,0.00879119375935566,0.00360101217359432,0.0043513325855411,0.00352246431354608,0.23,0.00605968636651788,-0.0700000000000003,-208,0.00964121019238551,-0.0010188487891023,0.0597417270823293,0.0694120708223713,0.0057695023180111,0.0039856569302037,0.0681800546040581,-0.0118204686004262,0.4541068,-0.9031312,0.00856591601504153,0.00225606412668267,0.0111733005981249,0.0252467827347838,0.2464,2.14461,-0.017183548593608,0.0135758757137348
Aug 1999,-0.0999999999999996,-1.5,0.00724331832430636,0.00215439939702611,0.00702090922362864,0.00781793506730999,0.0800000000000001,0.00380718101614619,0.13,474,0.0106045532487977,0.0030534374868898,0.0764374761885755,0.0329790810664282,0.00400724316362489,0.00950125912414013,-0.0126622131924172,-0.00656131193750031,0.0120935999999996,0.0857306000000002,0.00722735381364359,0.00225098575631932,-0.0111733005981249,0.00207540717871169,0.1017,2.26438,-0.00840916268536152,0.0521582221597185
Sept 1999,0,2.7,0.00519703038611219,0.00358038334501209,0.00858603840512018,0.000480429104817048,0.149999999999999,0.00353012480832149,-0.0199999999999996,-73,0.010493275715838,0.00101574411983574,0.102466942791621,0.0232475399368141,-0.00404526104545244,0.00863088919927524,-0.00791962713806349,-0.0745223654188543,-0.1247499,0.0837751,0.00510446907850781,0.00280662547411925,0.0111733005981249,0,0.3756,2.62997,0.176511308531452,0.0467740230148381
Oct 1999,-0.100000000000001,-4,0.0041095626764367,0,0.00389126832051723,-0.0026221314888808,-0.0199999999999996,0.00521749805549199,0.2,-673,0.00208550649102168,0.00304105657577924,-0.118853290326237,-0.0200086707086705,0.0121488838987993,-0.00234650088112343,-0.016651633592442,0.0612691593830599,0.1880767,-0.4577428,0.00438063489533569,0.00223964259350495,-0.0339015516756813,0,0.1713,2.56254,-0.0162632193844949,-0.0443735780065415
Nov 1999,0,4,0.00529321356350465,0.00142857167152588,0.0058009042848628,0.0111523368476014,0.22,0.00415014990807805,0,-1754,0.0072652109914122,0.00202224538076745,0.132211108858785,0.0294724637396207,0.00483567610142455,0.00468750858309708,0.0245712607305055,0.0138514710850481,0.1096435,-0.0907242999999998,0.00320233023270688,0.00557725929810626,-0.023256862164267,0,0.0423,2.62035,-0.0231879730019813,0.0186548535968569
Dec 1999,-0.0999999999999996,-1.8,0.00377664612583217,0.00356252603360341,0.0142114988730011,0.0174864451242307,-0.12,0.00594525645628607,0.239999999999999,-813,0.00721280818924086,0,0.0351606434208396,-0.000785237574702224,0.00768353383514686,-0.00390472967815647,0.0357606638790982,0.00655740054615883,0.1780932,-0.3229028,0.00396594242773229,0.00277700817175131,0,0,0.2618,2.6764,-0.00394613191151105,0.0239646039434493
Jan 2000,0,6.59999999999999,0.00483070841846711,0.00425834568257688,0.000290433282637892,-0.00968842528548564,0.15,0.00608152816144347,0.340000000000001,-1192,0.00409836639228267,0.00201816415623757,0.0708028267321907,0.0332205133278561,-0.00136898538531405,0.00390472967815647,-0.0430688571858235,0.0258078839558724,-0.0837322999999999,0.8094559,0.00458047437410958,0.00442723468009643,-0.0118344576470029,0.00207110878313621,0.0581,2.79296,-0.0271841098741019,0.0480503666171881
Feb 2000,0.0999999999999996,-0.700000000000003,0.00690814102401838,0.00141542840333075,0.0125151616041954,0.0115841847332145,0.28,0.00284537818329333,0.17,-2663,0.0192410999270205,0.00402415029972492,0.1003934079344,0.0767640162118381,0.00311842571099064,0.0116235326483993,0.0599052490784127,-0.02047453798051,0.0767798000000002,-0.0138775000000004,0.00569375974192088,0.00220628881553697,0.0118344576470029,0.00206682815566328,0.2506,3.21797,0.0379562068560126,0.0128081883139286
Mar 2000,-0.0999999999999996,-4.2,0.00788614524203268,0.00211939323416255,0.00919491446480514,0.00660064193578691,0.119999999999999,0.00655837795673442,-0.0800000000000001,-763,0.00200400868671569,0.00400802139753953,-0.129380944807651,0.0594234204708007,0.00354941252967933,0.00767463475310848,-0.0796589778146446,-0.02453009624604,0.0817888,0.0196886000000003,0.00885982126558993,0.00275103337189009,0,0.00343524899832026,0.2171,3.76214,-0.0635412861154414,0.0046900440520723
Apr 2000,-0.2,2.10000000000001,0.00579638437309882,0.0042253583991716,-0.00110732039805583,-0.0179906531678959,0.17,0.011836205484709,-0.13,1959,-0.0141131374764649,0,-0.0437581698172935,-0.0482266624888765,0.00593458141104719,-0.000764818392922528,0.0136225016812954,-0.0332542957051158,-0.0781830999999999,0.236389,0.0105291993599517,0.00164699460782192,0,0.0013708021337786,0.2941,3.01386,-0.000181241504799701,-0.0168064301938236
May 2000,0.2,1.5,0.00823088555766027,-0.000702987726666215,0.0045709926624653,0.00550528198784583,0.25,-0.0025410839525204,0.409999999999999,-567,0.00304105657577924,0.00199800266267225,0.12144975675874,0.0692248093286499,0.00270403205340664,0.00686239826104096,-0.031867738848022,-0.0343982958518518,0.1519522,-0.106701,0.0112587920349752,0.0021917816993442,0,0.00954335804689954,0.5696,3.13253,-0.0131364779053706,0.0597098103732572
Jun 2000,0,-4.3,0.0163108305272726,0.00561011289076685,0.00552889953822167,0.00076562538924918,0.260000000000001,0.00375683860370302,-0.329999999999999,-1240,0.0140705838969417,-0.000998502329589535,0.111062451210674,0.0738296402875653,0.000390456726382382,0.0165791288029116,-0.010210682201957,0.0186201206259913,0.4475756,-0.8107484,0.0110762219267153,0.00273298885606899,0.0571584138399484,-0.000678656286651425,0.356,3.73494,0.0602248227911577,0.0185066479221909
Jul 2000,0,1.89999999999999,0.0124740933031173,0.00209570457421915,0.0031963565103581,-0.0106489567040846,0.00999999999999979,0.00370103612250183,-0.140000000000001,-847,0,-0.000999500333082715,-0.165206224574686,-0.119669615093803,-0.00195273245358862,-0.000747663586230907,-0.0635554680376522,-0.0192684188658774,-0.67392,1.3750868,0.00823448586072395,0.00381367937024546,0.0110498361865852,-0.00340020728816892,0.1163,3.59928,-0.0414850767234967,-0.0565499480642142
Aug 2000,0.0999999999999996,-1,0.0133263268847035,0.00209132177999738,0.00505479549241805,0.0045139483477552,-0.04,0.00586841489364964,-0.109999999999999,1321,0.00199401860686521,-0.00200200267067352,0.185045117260995,0.00677509366636125,-0.00272663339275514,-0.00600151838869767,0.051942434299991,0.00646414661988981,0.0372092999999998,-0.1144522,0.0075384580962945,0.00379919045847643,0,-0.00136332672786477,0.0131,3.35129,-0.00887124492690727,0.0885438102834248
Sept 2000,-0.2,-0.5,0.010471290722208,0.00278164296187677,0.0125335792095633,0.00833853681933583,0.0199999999999996,0.00738010729762273,-0.15,-3402,0.0118813278867522,0.00599402394021098,-0.0694462834194529,0.0442462398818736,0.0046040830248808,0.0134531176971189,-0.0223106366936197,0.0115311975991892,0.0506279000000003,-0.2351295,0.00574746503983636,0.00378481122256158,0,-0.00341647069589701,0.1211,3.4565,-0.00309625964508342,-0.0111089013393171
Oct 2000,0,-1,0.00930261324225867,0.00554018037561566,0.000754585594197721,-0.00240292063913294,-0.00999999999999979,0.00331054638447092,-0.17,-45,-0.00394477829101625,-0.000996512289739293,0.0575902393891399,-0.00193986481782665,-0.00389338471770717,0.00518327706185584,0.0274886417903728,0.00444868862068493,-0.0679075999999998,0.0428180999999999,0.00551042508349653,0.0043080303568912,-0.0335226920386438,0.00205128277055788,0.3082,3.45033,-0.038301763025526,-0.0299365319037976
Nov 2000,0,1.8,0.00965596528941859,0.00275862243907943,0.0023182368607646,-0.0072500809841447,0,0.00233750362737872,-0.0300000000000002,655,0,0,0.0274485638338064,-0.0229142595228757,0.000279604474845208,-0.00295858203974486,0.00129032275967056,0.0231912618668559,-0.00723110000000027,-0.2902974,0.00521246799817554,0.00375436214653746,-0.0229895182246986,-0.00960885910663745,0.5387,3.44418,0.0120574181170356,0.072172809798527
Dec 2000,0,-9.19999999999999,0.00937723781742328,-0.00137835997012115,0.00611746244828737,-0.00420101844712484,-0.109999999999999,0.00915370855432407,-0.53,-697,-0.00694102935423491,-0.00199600864671545,-0.22941129306857,-0.065687083352452,-0.00326837072030717,0.00884961527698191,-0.0123258128760027,-0.0449869964667338,0.0683188000000001,-0.4374366,0.00460651991088579,0.00427351077738169,0,0.000689417469567744,0.6935,3.43602,0.0209402629718207,0.0267297956947958
Jan 2001,0.3,-3.7,0.00747472438103003,-0.00138026246895828,0.00505037085975069,0.0110779362903113,-0.42,0.0102364131905794,-0.59,-1782,0,0.00199600864671545,0.0686934254598599,0.0320138682458641,-0.00477086935092341,0.0275180288938923,0.043429557927336,0.0963112693087718,-0.513645,0.8067225,0.00388977041763905,0.00319319057915557,0.0229895182246986,0.00343997587244349,0.2595,3.7212,-0.0239410154110589,-0.0286673288173862
Feb 2001,0,-4.10000000000001,0.0108381391503674,0.00482260665993106,0.00205873174821214,-0.00320334401109612,-0.49,0.00774367820585375,-0.0999999999999996,5901,-0.00598804184462232,-0.000997506317125918,-0.0453892452603144,-0.0200629351459312,-0.00653476513437035,-0.0187460428210553,0.0155041865359653,-0.0256347867267275,-0.0215176000000001,-0.2913091,0.00390206061248932,0.00371254735618454,0,-0.00206256518634795,0.6523,3.52941,-0.00451807997478948,-0.00806844942696738
Mar 2001,0.0999999999999996,0.900000000000006,0.00674781542550917,0.00274536891719279,-0.000728649530397973,-0.0109178618066377,-0.180000000000001,0.0114549697821911,-0.32,-3511,-0.0161456585013875,-0.00199800266267225,-0.0364895285027949,-0.0190481949706945,-0.00205241175524229,-0.0109770586311502,-0.0217737995495604,0.00180995524523908,-0.4898914,0.7830489,0.0068352096255202,0.00369881531345762,0.0112995552539337,-0.000688468185542135,0.5333,2.98246,-0.022708732725425,-0.0473285114821937
Apr 2001,0.100000000000001,-3.09999999999999,0.00710685992097204,0.00273785249733871,0.00107135980078077,0.0151631405659707,-0.51,0.0125908515751849,-0.109999999999999,2291,-0.00509945011234869,-0.00100050033358379,0.0769750861785794,0.146797705521999,-0.00359638067233892,0.00367242425226344,0.0364350273453216,0.00421053253634351,0.4169683,-1.2195247,0.00768811142831183,0.00315956029036801,0,0,0.7592,3.21826,0.0168425033944981,0.0311684423092924
May 2001,-0.100000000000001,3.59999999999999,0.00454615476793307,0.00409277515375273,0.00691473196906855,-0.000147862899217088,-0.59,-0.000369782902728488,0.0299999999999994,3426,0.00204290162980048,-0.00300752106395574,-0.00316511605889502,0.0468554172815052,-0.00478734478563059,0.00292825977908873,-0.0270452869954827,-0.000600420312243166,0.1646645,-0.5345543,0.00854786385105211,0.00419727793534008,0.0111733005981249,-0.00344946875325736,0.359,3.56308,0.0100085813283481,-0.0243681720893036
Jun 2001,0.2,0.599999999999994,0.00626306083056072,0.00339789657540468,0.00239334509712563,-0.00696138580333638,-0.24,0.00831617714759325,-0.18,-2056,-0.00408998525152526,-0.00201005092802387,-0.0738099701196844,-0.102495557323672,-0.00529424391733802,-0.00954836486869493,0.0191304815985758,-0.0237021123067889,0.0273067999999999,-0.417825,0.0095000160091141,0.00313643749012993,0.0749013081731182,-0.000691323912773711,0.3081,3.19396,0.0141793420403156,-0.043539155056104
Jul 2001,0.0999999999999996,-0.199999999999989,0.00277597420383735,0.00541273310675061,0.00178066751403527,-0.00333329318630327,-0.2,0.00575549466091907,-0.04,-751,-0.0154881774428004,-0.00403226352793862,0.0124365650410083,-0.105505013887975,-0.00642480327145289,-0.0156195068382319,0.0205693882481084,-0.0173701637815356,-0.0633388999999998,0.2474199,0.00839561680638479,0.00364678705797417,0.020408871631207,0,0.3191,2.72148,-0.0162483731555509,0.0097874309895758
Aug 2001,0.300000000000001,-0.900000000000006,0.00499956419316838,0.00202224538076745,0.00554774726172091,0.00932981910891506,-0.12,0.00646657058354982,-0.28,1808,-0.00104112450841054,-0.00202224538076745,-0.00187441479435035,0.0724550792154224,-0.0011484395650907,0,-0.0636606630547796,0.0105821093305369,-0.1018934,-0.0990854999999999,0.00664002055720747,0.00415153683973468,-0.0101523714640179,-0.00207684394483909,0.3911,2.72148,0.0362398688400827,-0.0033692260686129
Sept 2001,0.0999999999999996,-9.7,0.00436023178948552,0.002689981447209,-0.0162368115808338,-0.0296856540586159,-0.58,0.0210029515128483,-0.64,-2123,-0.00104220957844348,0.00202224538076745,-0.128345185903041,-0.00201816415623712,-0.00507787600476384,-0.000749906296860559,-0.00319591195638935,-0.0314491326825035,0.5292744,-1.34203515,0.00413964271707101,0.00413437281413742,-0.010256500167189,0,0.7358,2.59217,0.0547646546482801,-0.0721736926784455
Oct 2001,0.3,0.900000000000006,0.00855520241378649,0.000671366255495798,0.0289614401801099,0.0745492040500153,-0.58,-0.00211236747736798,-0.39,-371,-0.0232077926450165,-0.00709582298146927,-0.100442783030845,-0.184343802174722,-0.00274521945434181,-0.0227627430538639,-0.014184634991957,0.000638773576494778,-0.8239468,0.77377725,0.00186028857829612,0.0041173501295475,-0.042111485350127,-0.00069324092897638,0.739,2.12766,-0.0346309527985635,-0.0506808755436401
Nov 2001,0.2,1.2,0.0151873508993816,0.00401875959491793,-0.00425142354260011,-0.0296821808020447,-0.4,0.008144445045561,0.0499999999999998,585,-0.0150540477355694,-0.00509945011234869,-0.0856401049201079,-0.0915117350223014,-0.00606546008531872,-0.00384467986080939,0.0394704322206296,0.0528565673693802,-0.2099282,0.0302722,0.00134762760225371,0.00410046704726685,-0.0327898228229913,-0.00208261095752693,0.6827,1.89437,-0.0224971244569794,0.00609815141365999
Dec 2001,0.2,4.89999999999999,0.00537354899609177,0.00333667309903918,-0.00217436840842566,-0.0128480058713603,-0.27,0.00978951297906328,0.33,2515,-0.00979866304870214,-0.00204708362172479,0.0253691941254588,-0.0278920465318154,-0.000427509807400916,-0.013183595367301,-0.0214519267179512,0.0174126284771763,0.650024,-1.25386617,0.00187156951621059,0.00459301649494481,0,-0.00139082080834285,0.5898,1.60367,0.00653122786116178,-0.0214464578567011
Jan 2002,0,4.2,-0.000232475735689519,0.00266134554951458,0.00249454882586342,0.00132175003522939,-0.0900000000000001,0.00374264292889492,-0.0800000000000001,-2190,0.00218579321998025,-0.00102511541524564,-0.0126041497186891,0.00455166921471903,0.00663306484117054,0.00311769543258578,0.0796501659609392,-0.00896866998276025,-0.4411214,0.98549627,0.00328616580295549,0.00305033281762324,-0.0111733005981249,-0.0111967579819243,0.3594,1.1959,0.0179216266173556,-0.00812004010486866
Feb 2002,0,-2.3,0.00772766069805542,0.00397878508976302,0.00563506883292142,0.0045485884101506,0.01,0.0053510733925588,-0.00999999999999979,-2823,0,-0.00205338881184236,0.0998659963401858,0.0135320062185764,0.000115224682609494,-0.000778513079414012,0.0743182815195738,0.0707131127448832,-0.1444642,0.06813582,0.00412251551273268,0.00354700143858278,0,0,0.5434,1.13636,0.0520833907049907,0.0242754803271543
Mar 2002,0,5,0.0067706526490845,0.00264375567073039,0.00251579414723047,-0.00563922699085317,-0.01,0.00214697777199824,0.54,1340,0.0130153681120699,0.003078504227088,0.185148899830501,0.184410174590371,0.00721233269492316,0.0108444130141292,-0.107854358378493,-0.0552181662608477,-0.1319127,0.22488398,0.0086269467579827,0.0025258917193165,0,-0.00352485384343559,0.3388,1.36286,0.0215169672246329,0.0959329261356832
Apr 2002,0.2,-2.7,0.00487946111732107,0.00131926140506256,0.00949450313447819,0.00650055073911737,0.02,1.81750438486006e-05,-0.14,-2804,0.0160345498472569,0.00408998525152526,0.041478017367274,0.0372986562481786,0.00487100216567882,0.00767463475310848,-0.0309239236080447,-0.0130954252367452,0.5739546,-0.54823476,0.0107954156280314,0.00151247823135758,-0.0112995552539337,0.00141143283840783,0.3724,1.64399,0.0207405164676286,-0.00160787895156655
May 2002,-0.100000000000001,3.90000000000001,0.00558115846259,0.00460375689805925,-0.00323256955506857,-0.00890415086803031,0,0.0047505166217281,-0.16,-61,0.00105988351204367,0,-0.0740516610913984,-0.00431655346497412,0.00400962846736075,0,0.102592870162408,0.0277713563860731,0.0308220000000001,-0.42393944,0.0131585780219785,0.00151019409522846,0.0112995552539337,0.00140944350323391,0.3373,1.24083,0.0562510828130121,-0.0169383835686965
Jun 2002,0,-4.5,0.00654227251675721,0.00196656897204095,0.00459915671684641,0.00466054664454951,0,0.00451199148365333,-0.27,-706,-0.00318302656012115,0,0.0544613099453266,-0.00216528413721684,0.00821501923644785,0.000764233892756039,-0.027005375669261,0.0241807981972144,-0.2767282,0.33590862,0.012709787211004,0.00251193299627506,0.0652405218684011,0.000703977501793851,0.983,1.06922,-0.0253765744756533,0.0178431335675837
Jul 2002,0,-4.30000000000001,0.00622309255897591,0.00196270916784869,0.00881050988795273,0.0110062702230831,-0.02,0.00765971115162323,-0.43,819,0.00424178790836294,0.00305654848254822,0.00854864897553531,0.0164819209367743,-0.000321970639499902,0.00228920359413376,-0.0367775730863125,-0.0114417724197846,0.00617380000000001,-0.18854161,0.0110072568374013,0.00250563899570455,0,-0.00352485384343559,1.5015,1.46561,-0.0433980517027059,-0.00695742660277698
Aug 2002,-0.0999999999999996,-0.5,0.00426514938740929,0.00261096754072021,0.00341894535026555,0.00326955779150673,0.01,0.00753054483134719,-0.43,-2472,0.00316957476127921,0.00203252102492257,0.0696834792492065,-0.00284697701192815,-0.0011111535235635,0.00228397510783118,-0.0133821948406982,-0.0250522860107871,-0.2166447,-0.07330863,0.00839715262259055,0.0020000006666665,0,-0.00212089156913731,0.8338,1.74746,0.0223346393538808,0.0375341914860252
Sept 2002,0,-1.5,0.00161681797264634,0.00195376161139427,-0.00285056359896352,-0.0186597307977436,0.01,0.00424756846250141,-0.13,297,0.0073568382257081,0.00304105657577924,0.0544123463815529,0.00710230258206651,0.000848648696599064,0.0060652195030908,0.0995876076521034,0.0617692033887671,-0.0903258999999998,-0.19769017,0.00610649871784474,0.00249438892117215,0,0,1.4287,1.516,0.0315085926669418,0.0352358136713731
Oct 2002,0,-5.5,0.00332663468956795,0.00583848560877165,0.0058947879895701,0.00444154207010783,0,0.00788084364495667,-0.0900000000000001,993,0,-0.00101265831438635,-0.118191749439815,0.0217019367682441,-0.00208483633693479,0.00677968698537867,-0.0904439901531511,-0.00222098925278402,-0.0357908999999998,-0.18452956,0.00511062857031419,0.00298507684345406,-0.043017385083691,0,0.9874,2.02703,-0.0189438150395791,-0.0117347802544812
Nov 2002,0.2,3.60000000000001,0.00409340383364487,0.00193861126950123,0.00383918855343524,0,-0.41,0.00889654543850504,0.01,-4420,-0.00946877142885238,0.00101265831438635,-0.0114709860955977,-0.0453335413015212,0.00558657591731837,-0.000751032705222698,0.061766174451817,-0.0156865961676997,0.0252570999999997,-0.07822731,0.00400345495986709,0.00347136475545895,-0.0222231367847101,-0.00141643083171328,0.675,2.25352,0.00598804184462232,0.00190204527148197
Dec 2002,0.0999999999999996,2.5,0.0035217547126063,0.00322269051072421,0.00748817209897723,0.00970630814008899,-0.1,0.00369231188712682,-0.0799999999999998,-4092,0.0063224657394878,-0.00202634314523298,0.149728133655288,0.0432538178482719,-0.00557662729091923,-0.00150375968186633,0.0197690708122247,0.068202045032133,-0.0794368999999999,0.21644911,0.00400322052691315,0.00247218914538916,0,0.00776565851037159,0.8919,2.48027,0.0741640810049073,0.0466841135931046
Jan 2003,-0.2,-4.3,0.00528444346334567,0.00257069550310085,0.00284174095042822,0.00260330215148308,0,0.00564208027348911,-0.1,2451,0.0176995770994006,0.00303797702007724,0.0711053454665311,0.0219638204631082,0.00848540572389922,0.017897569457543,0.0357082705519005,-0.0475251418628453,0.1278539,-0.12834607,0.00393242397613935,0.00394283408770679,0,-0.00140745976787926,0.9102,2.75746,0.0774471860168751,0.0730711116740812
Feb 2003,0.100000000000001,-2.5,0.00545497831905806,0.00320410399078286,0.000967534651584501,-0.0192823997883185,0.02,0.00619197024792051,-0.11,1074,0.0163770292813226,0.00604840553588026,0.0925663957382672,0.11831091923261,0.00118742092792701,0.0168563903225003,-0.128839617683314,0.0251242051736789,0.0275262999999999,0.00278363000000001,0.00526604857857738,0.00196560259845935,0,-0.00494176791077905,0.6549,3.14607,-0.0632522779142715,0.0322622001316777
Mar 2003,0,-2.30000000000001,0.00390649521335718,0.000639590683780167,0.00829814591416955,0.0105208080884402,-0.01,0.00344810269426965,-0.0599999999999998,-3724,0.00607289315789927,0.00200803280324546,-0.165917131081634,-0.00544301313564133,-0.00263197134762816,0.0258263995598984,0.0578402630413279,-0.0537376579387034,-0.2031951,0.01249397,0.00761546172769823,0.0019617465830386,0,0.000707463771990824,0.6401,3.02521,-0.0360214639992806,-0.0794647849835046
Apr 2003,0.0999999999999996,8.40000000000001,0.00642126308667734,-0.000639590683780167,0.00301718712425725,0.00684936362543453,0.01,0.00630209578641328,0.05,1769,-0.0317812498681063,-0.00100351237724006,-0.176941067257216,-0.0574081507256006,-0.00597471530908589,-0.0316573198706909,-0.0492827536061053,0.0258441350162206,0.0861703,0.06709655,0.00908411303149048,0.00195790566705778,0.0222231367847101,0.00141342779714648,0.2366,2.17513,0.00193639741745777,-0.00718311074180722
May 2003,0.0999999999999996,6.09999999999999,0.00663240871770654,0.00383142231155587,0.00206741411437505,0.00359348498849599,0,0.0100752275934841,-0.2,992,-0.00731838080767933,0.00100351237724006,0.124869996931364,-0.0460002253738432,-0.0002727794308095,-0.000731261458546406,0.0636632142485842,0.0175925372853527,-0.1509821,0.18806005,0.0103077976494328,0.00195407976199746,0.0109290705321903,-0.000706464176326804,0.3918,1.89415,0.0849755759935613,0.0559017406915521
Jun 2003,0.2,-2.39999999999999,0.0028398075087317,0.00191022025611964,0.00642351670253838,0.0128007370107639,-0.04,0.00616672102567861,-0.19,1349,0.00939954701150381,-0.00200803280324546,0.0197628270931935,0,0.00127711471155134,0.00946494142730092,0.0641458112558704,0.0215641779158409,0.4461994,-1.30238898,0.0104578680922183,0.000975609833480995,0.0529224014543428,-0.0014144273928105,0.437,1.94878,-0.0581076308072808,-0.0258315373034135
Jul 2003,-0.0999999999999996,1.2,0.00333681859028978,0.00254129742867226,0.00742728205039178,0.00532906777699083,-0.21,0.00778343195732845,0.24,-1625,0.00518404478758772,-0.00100553050201846,0.0135070411251252,0.0193146197421619,0.00512513555059879,-0.00217627942259568,0.0159408263932921,0.00531916147760025,-0.6583951,1.12957043,0.0106170315704848,0.00243486850267516,0.010256500167189,0.00634922767865831,0.1275,2.05556,0.0302491318204767,0.0052543296731562
Aug 2003,-0.100000000000001,-1.60000000000001,0.00443117959224359,0.00126823098799544,0.0121853504331444,0.00701431999110547,0.02,0.00954252811271772,0.39,1429,0,0,0.0385156720806155,0.14182474393174,-0.00218415781997461,0.00217627942259568,-0.0343197220953098,0.0420732008250004,0.2262718,0.18928956,0.00974088865697809,0.0024289543154028,0,0,0.0601,2.21607,0.0419738256374735,0.037931222323409
Sept 2003,0,-1.59999999999999,0.00388019611392565,0.00316355847519256,0.000203746387390069,-0.00548366160223246,-0.02,-0.004496676103523,-0.15,-1950,-0.00518404478758772,0.00401606965488988,-0.0843814515129115,-0.0935372817962697,0.00642675170213902,0.00361664047018806,0.0562184074029473,-0.00254647451076551,0.1278871,-0.04045651,0.00813795725544519,0.0024230687891249,0,0,0.0125,2.37832,0.035741726338264,0
Oct 2003,-0.0999999999999996,1.89999999999999,0.00407720875526074,0,0.00174288102842368,-0.00131982136511155,0,-0.00159674758404371,0.04,454,0.0010389611324193,0.00200200267067352,0.00171145001555395,-0.031282474214512,0.00123085675841761,0.00575955515836668,0.0143371631464069,0.0256747050232837,-0.1919412,-0.2528552,0.00654419286381724,0.00145102806595965,-0.052367985517316,-0.00140745976787926,-0.2469,2.04194,0.000260044208980403,0.0458317571836107
Nov 2003,-0.2,4.10000000000001,0.000438050808577728,0.00441223533326518,0.00699179542390738,0.00357126658054518,-0.01,0.000905685295121472,0.18,1490,0.00517867547845174,0.00498754151103853,0.0365996868189122,-0.0196469973837965,0.00668259204919686,-0.00287563102546162,0.0572996228719127,-0.0478462757762461,0.142254,0.03292201,0.00570205669345381,0.00289575491925564,-0.0327898228229913,0,-0.363,1.92837,0.0344993968515919,-0.00382336993141497
Dec 2003,-0.0999999999999996,-1.10000000000001,0.00529018258721159,0.00125707119005103,0.0035028070843186,0.00153105351552796,-0.02,-0.000279851515903928,-0.02,-4182,0.00720538372126978,0.00298062813813793,0.0694104126153241,-0.0227434552313313,0.000295946029409855,0.0043103515011218,-0.0125605516080141,0.0353429871084332,0.2926492,-0.43859976,0.00619984385018135,0.00192585519321398,0,0,-0.2415,2.0352,0.0469823325356735,0.0703006362281604
Jan 2004,0,11.2,0.00522487277333816,0.00188264881461642,0.00710640621865188,-2.46758213986453e-05,0.02,0.0013655922292628,-0.15,-565,0.0152674721307884,0.00692044284457349,0.0197965959512802,0.0929701331672112,0.00152062621903415,0.0135281522010526,-0.0736219454126843,-0.0177714755787797,-0.3164851,0.46449666,0.00768370199061774,0.0019221534029592,0.0110498361865852,0.00140745976787926,-0.3901,2.02629,-0.038976285269074,0.0172234826732307
Feb 2004,-0.100000000000001,-9.39999999999999,0.00339294147152636,0.00187911110727512,0.00415018511253429,0.00420459676996821,0.01,0.00650613984728921,-0.02,93,0.00403226352793862,0.00687287928776215,0.0843943649273289,0.0398844404805441,0.00601430610916065,0.00493828164058208,-0.0346055291774761,0.00714653373407437,0.0802226000000001,-0.26373617,0.00935865496785659,0.00239750774155745,0,-0.0091840984645053,-0.5137,1.68845,-0.0228098856597292,0.0621878094994086
Mar 2004,0.2,1.39999999999999,0.00683938575387089,0.00187558667049492,0.00723706935811919,0.0159729405824258,-0.01,0.00587963940462899,-0.16,-2202,0.00801607498823564,0.00779731046003196,-0.0091884260544064,0.0406324030892199,-0.00400875584876825,0.00701265145935004,0.0791255441457013,0.0496133489724722,-0.28291,0.33704989,0.0143374387654855,0.00191387618228411,0,0.00354233455783781,-0.3162,1.74008,0.075472787433136,0.0295157102949259
Apr 2004,-0.2,-1.59999999999999,0.00141900560208619,0.0031181815099921,0.00103665318428448,-0.00845137021496534,0,0.00663604662372563,0.49,-529,0.00199401860686521,0.00677312700584576,0.0427111180930497,0.0302544083578024,0.00370749917580682,0.0118097933892116,0.00249937645731979,0.00193423657983072,0.1484832,-0.3479276,0.0144700381845455,0.00238720571710616,0,0.0063447516333337,-0.4056,2.29258,-0.088172592525571,-0.0186767472854159
May 2004,0,-4,0.0038374412958504,0.000622471230805388,0.0085116304507995,0.00779821022803162,0,0.0123131756255166,0.46,-270,0.0148297329710498,0.00384986038544177,0.0671149366627515,0.123896271469456,0.00719775070673734,0.0137176362287992,-0.0110442889672671,0.0379192348622936,0.3613353,-0.09461972,0.0146344903378175,0.00238152053497664,0.0217399866364061,0.016033804628858,-0.5914,2.89776,0.0167705396286264,0.0160147082921736
Jun 2004,0,5.39999999999999,0.00336575912587378,0.00248601743946208,-0.00231417812242896,-0.0100322478661994,0.03,0.000350497072156841,0.23,-6616,-0.00196463717416506,-0.00674701354659479,-0.0776229142611662,-0.065481595303824,-0.00783283880618857,0.00272109011436061,-0.0803792946844561,-0.0623703307264583,0.3599754,-0.48545213,0.0146227363351734,0.00237586236729204,0.062520356981334,0.00207253960197207,-0.5486,3.16767,-0.000253936009490197,-0.0434883617581558
Jul 2004,-0.0999999999999996,1.10000000000001,0.00426889002012665,0.000620539889599314,0.00967405147518008,0.00716661260325147,0.23,0.00210040653240284,-0.12,2563,0.00392542211610536,0.00482393603085285,0.169052253673686,-0.00836387520775528,0.00744387968366667,0.00135777346045973,0.0909242078610708,0.0445378544309021,-0.3182309,0.54572425,0.012012334933714,0.00237023102196332,0,0.00481928643594909,-0.5375,2.93958,-0.0105956183714628,0.0163888425531367
Aug 2004,-0.0999999999999996,-0.799999999999997,0.00296325336156045,0.00495050515985573,0.00420390115441016,-0.0020953481843442,0.17,0.00423511010602518,-0.13,-2041,0.0145846046547629,-0.00482393603085285,-0.0346747943624859,-0.0206849061535122,0.00067096671936806,0.00406229400887881,0.0109290705321907,-0.0268730182510968,0.0850059999999999,-0.04485287,0.00964228091570174,0.00330891344214734,0.0100503358535016,0.00342818299406833,-0.6373,2.54743,0.0463916706433798,-0.0197130223936393
Sept 2004,0,-1.7,0.00776713840172505,0.00615386557437869,0.00841509561612241,0.0167308134074009,0.18,0.00543016330362001,0.02,1961,0.00481464579554114,0.00386100865745931,0.16005318781509,0.0269643616383552,0.0012701843581544,-0.0020290842267805,-0.0605937428465548,-0.00732246376521051,0.3359179,-0.84091884,0.00837106690370515,0.00235682409353011,-0.0100503358535016,0.00682130885073828,-0.6466,2.53917,0.0103602608676043,0.064855855634951
Oct 2004,0.0999999999999996,-2.5,0.00764197666193134,-0.00184218658177038,0.00664335183204656,-0.00201694420634446,0.15,0.00433553930770536,0.0500000000000003,-3372,0.0161985438032755,0.00576370471675069,0.0438199175624501,0.0582590656527281,0.00849531273723336,0.0154521045589213,0.0840323158185718,0.0270678680920753,-0.5309398,1.12169194,0.00764279296189496,0.00188146809970569,-0.051825067864586,0.0215206691515366,-0.6745,3.19091,0.0330362163851525,0.0153797359102343
Nov 2004,-0.0999999999999996,1.09999999999999,0.00322305761938324,0.00245549540197576,0.00562893373020046,0.00169402791061657,0.17,0.00414513228331437,0.27,-3909,-0.0028395665080776,0.00286944242795251,-0.0519236896255579,-0.0437585526458258,0.00248035545099423,0.00929004690709334,-0.150777995348619,-0.00862074304390692,0.0609929,0.16691726,0.00762927028977334,0.00187793482419973,-0.0215062052209638,0.00464654005599563,-0.8357,3.62162,0.058773460167715,-0.0138727929247633
Dec 2004,0,4.3,0.00388475558429846,0.00183767279893443,0.00706833474623458,0.0128714295291239,0.23,0.00283692555512616,0.16,4049,-0.0143200537747488,0.000954654010450362,-0.125542927566443,-0.082487853991835,0.0079362410009356,-0.00795760167331494,0.136193390693856,0.00144196131690055,-0.4542953,1.2207772,0.00742655960750671,0.00327792379667091,0,0.0151169490628442,-0.8395,3.34232,-0.0314632694557853,-0.0521973936844944
Jan 2005,-0.100000000000001,-1.59999999999999,0.00206490637399526,0.00244498899306667,-0.000788137976698522,-0.0100106757199665,0.12,0.000980140565269849,0.21,-1271,0.00575265248945023,0.0076045993852194,0.106858470653604,0.0648525421795613,0.00359007911587028,0.00464962644376943,0.048743523466082,0.0270094599074922,0.3880671,-0.83594927,0.00916571399685218,0.00280112227971152,0.0215062052209638,0.0110283310414783,-0.7915,2.84487,-0.0329572645422473,0.00832354980790839
Feb 2005,0.100000000000001,-1.40000000000001,0.00670599257971816,0.00365631120311072,0.00719950579374284,0.00832058774040512,0.22,0.00125877076692227,0.16,-1905,0.00856740128529854,0.00094652160403097,0.0700286043604836,0.00885653093021788,0.00723284606277108,0.00462810743446784,0.028960884066044,-0.0117565426522228,-0.00358849999999977,0.18928136,0.0111472797345957,0.00232828975959087,0,0.00450596192070574,-0.9608,3.05303,0.0296412704226174,0.0660821524137711
Mar 2005,-0.2,-1.5,0.00389935151835097,0,0.00458109499991721,-0.000958591299335509,0.13,0.00145881210302434,0.35,4960,0.0215667055587758,0.00660068403135217,0.0665292918611082,0.110379022193872,-0.00135217977961766,0.013757177336279,-0.1689094110112,-0.0249055018532776,0.1972346,0.05283678,0.0162452807251698,0.00232288141614045,0,0.0159289764936013,-0.7336,3.20684,-0.020948627880002,0.0328801037334419
Apr 2005,0,-4.89999999999999,0.00554096426296447,0.00121580562088974,0.00926104044479459,0.00588495667397382,0.16,0.00209138657649888,-0.0800000000000001,-4178,0.00923367594694557,0.00468824112345523,-0.117060100508324,0.0378263369106268,0.00215019544382233,0.00842246637469657,0.100466585644923,0.0417914565448028,0.1280475,-0.10190485,0.0146212546286284,0.00231749814036242,0.0105821093305369,0.00441501820911672,-0.7579,3.36179,0.0132452267500209,-0.0623635506718276
May 2005,-0.100000000000001,-0.799999999999997,6.09781374478757e-05,0.00424371658400924,-0.000783861711605383,-0.00524579371893097,0.21,0.00265826071470698,-0.00999999999999979,1272,-0.00830646215775399,-0.00187265972329165,0.0568873744020513,-0.0641808033730699,0.000899720526851944,-0.00452635755013198,-0.0176216013498198,-0.0306989868888063,0.1157774,0.1863858,0.0151244760097686,0.00185013928816158,0.0208340869028421,0,-0.8041,2.86929,-0.0383531302400844,-0.0103426097096824
Jun 2005,-0.0999999999999996,9.09999999999999,0.00676797282627994,0.000604777762612141,0.00938887815154388,0.0295430062113748,0.04,0.00503438137515033,0,-2112,0.011976191046716,0,0.0837578822254001,0.054744651577316,0.00448752915746375,0,0.0210122560876806,0.0436381692600039,-0.2161656,0.15891412,0.0144748460681452,0.00184672259316443,0.0696799206379897,0.011264199200796,-0.6851,2.54103,0.0466290395439444,0.0142157513007497
Jul 2005,0,0.5,0.00417198195578372,0.00181214184292644,0.0114045490705621,0.000654608119843303,0.22,0.00487163167042759,0.23,-149,0.0118344576470033,0.000936768218386952,0.069569549016629,0.0328626374733308,-0.00317146628821696,0.0128784780583162,-0.00679284513981671,0.011413043309437,-0.0300967999999999,0.26467056,0.0120307242734503,0.00322358096324749,0.00956945101615059,0.00248601743946253,-0.9354,3.06716,-0.0223401848330678,0.0412915183153615
Aug 2005,-0.0999999999999996,-7.40000000000001,0.00433835415127248,0.00361446176636449,-0.000417987003300979,-0.0177623123180499,0.24,0.00500008663785501,0.17,-444,0.0143758091203061,-0.0018744147943508,0.122621327778201,0.131235180364172,0.0032537883465622,0.00828293999634777,0.0197644418677347,0.00723657613025086,0.1320148,0.180111,0.0104336053027581,0.00229621226035004,0,0.000620539889598426,-0.8223,3.64693,0.013602488404862,0.0696094306796411
Sept 2005,0.0999999999999996,-12.2,0.00202191096236071,-0.00180559784233836,0.00566746115734595,-0.0107151435236297,0.12,0.00512650519094571,-0.0899999999999999,-6137,0.0203097488675832,0.00840733583597331,-0.0358982479837886,0.0713400508480492,-0.0195638287695461,0.0287699642575339,0.0263792969114922,0.0196347227009435,-0.1100055,0.7039171,0.0095435740005092,0.00274851295334955,0.00947874395454384,0.00864736704118307,-0.8468,4.74183,0.0892029690773937,0.0425944953984336
Oct 2005,0,-2.7,0.0022908164393094,0.005407042311246,0.00427157032463121,-0.00105184170617711,0.16,0.00510035812158627,0.319999999999999,-2383,0.000873744048597302,0.00741430643922758,-0.101825847980169,-0.12243171200576,0.0120643294072105,0.0243617407400354,-0.0408026238725974,-0.0419641990990316,0.4936502,-0.7939586,0.00640912713346875,0.00319707968140381,-0.0384662808277962,0.00551979322359752,-0.8695,4.3501,-0.00158554020848989,-0.0680900482808315
Nov 2005,0,7.39999999999999,0.00299007937143259,-0.000599340743143273,0.000861071248134948,0.0138041748471469,0.22,0.00252544367046248,0.15,3406,-0.0194009612498967,-0.00648450627926067,-0.0421816140362949,-0.140931981442694,0.0111775166214949,-0.0151563980442591,0.0389412924836483,0.0218787213758072,0.2035536,0.0909668000000001,0.00513907573270345,0.00318689092851976,0,0.0187827393954345,-0.7826,3.33855,0.0437754200396858,-0.000684853354013804
Dec 2005,-0.0999999999999996,9.90000000000001,0.00317705720756223,0,0.00389350812320899,0.000513020829403743,0.16,0.00406038689478905,-0.0199999999999996,-709,0,0.000928936434658745,0.0630329403864405,0.0197662146682764,0.00515169356423151,-0.00428528357032665,-0.0739288473569975,-0.0451898002442546,0.1761551,-0.40589749,0.0024069942274032,0.00227014853453866,0,0.00896331068182743,-0.6585,3.33855,0.0381452682596901,0.0281279745855496
Jan 2006,-0.2,-0.299999999999997,0.0328652981876214,0.000599340743143273,0.0100262850582205,0.0222991578145848,0.13,0.00630503135821847,0,-2399,0.0123895390120925,0.00740058881817163,0.105589772049353,0.0702968305515209,0.00157660020091566,0.00794382423646045,0.130957873330759,0.0424809949761675,-0.8243967,1.15630289,0.00398408005303175,0.00181241553917122,0.0571584138399488,0.0112393966356921,-0.9973,4.01879,0.105009576893038,0.0146166665643781
Feb 2006,0.0999999999999996,-4.5,0.00316555738094237,0.000598981748965777,0.002686102145665,-0.00808636684656427,0.2,0.00364855649168128,0.27,4659,-0.00794706169253168,0.000921234519320357,-0.100525642955079,-0.0446832083364095,0.000421500180338263,-0.0153330204188311,-0.0701562655842434,-0.032624074052543,0.1055069,0.0974681999999998,0.00370384082383701,0.00316384444705697,0,0.00293685967330948,-1.1175,3.63825,-0.0236182513482079,-0.0681114512251373
Mar 2006,-0.0999999999999996,2.2,0.00454991695972851,0.000598623184592917,0.0040485218966424,0.00233590656989158,0.0999999999999996,0.00215912535816187,0.0600000000000005,-89,-0.000886918018228045,0.00183992692200796,0.0765143484653255,0.102783996085801,0.00225211465974606,0.00246913705692098,-0.0734184796291739,-0.0108007624283308,-0.7396707,1.1262631,0.00686348261083758,0.00315386609702184,0.00921665510492398,0.0110820615060216,-1.0448,3.41792,0.0482338121126276,0.0180808033442768
Apr 2006,0,-1.5,0.00496404847851117,0.00179372245402654,0.00640674515376638,-8.02600425799938e-05,0.2,0.00553911936129303,0.159999999999999,-206,0.0210718946821062,0.00732604009207272,0.0804490111878469,0.154036296069627,0.00303207844327069,0.0128638833619101,-0.0781399989115172,-0.0583255669528535,0.9144259,-1.1552381,0.00490725526725999,0.00269541942167262,0,0.0109605942963817,-1.0986,3.61384,0.0888290732933656,0.0620387135054337
May 2006,-0.100000000000001,-8.30000000000001,0.00394637834327227,0.00179051077378833,0.00436402225427379,-0.00637252547603673,0.15,0.000998487667937198,0.0800000000000001,-2215,0.0180805614150756,0.00727275932908,-0.00530653388787528,-0.0162605208717803,0.000254114556411444,0.00908821765797185,0.0643325691236623,-0.0476646716476967,0.1999818,0.2040816,0.00397796344449652,0.00313550088912073,0.00913248356327268,0.00457928676583119,-0.7938,3.97727,0.0243772953356061,0.00517527244196803
Jun 2006,0,5.80000000000001,-0.00472552615494237,0.000596125203943032,0.003006805427896,0.00296701076938888,0.0499999999999998,0.00557610021146537,0.15,1018,0.000852878516517386,0.00722024797348642,0.0346760113421833,0.000697350097994986,0.00316140921642472,0.00180777391805442,-0.0748212106829875,-0.0201491440190793,-0.1382644,0.0888719999999998,0.000905328216185275,0.00357143236759683,0.0702042586732485,0.0598516554355921,-0.8582,4.18172,-0.0855112516978922,-0.0196854725269553
Jul 2006,0.100000000000001,-0.200000000000003,0.00303655284600524,0,0.00905217056639707,-0.00224605307567849,0.25,0.00608205346562585,0,-3109,0.00764334931256805,0.0035906681307285,0.00835021686884918,0.0459811969026607,-0.00051274650553168,0.00420547330539733,-0.0367376719271784,-0.0573159611438525,0.0557666000000001,-0.2195374,0.00032506758983164,0.00355872261699464,0,0.0144194754719589,-0.9367,4.10467,0.0591735558128565,0.0273142551801842
Aug 2006,0,-2.7,0.00524310074607648,0.00297530716365424,-0.000171251204529099,-0.00054211171135421,0.00999999999999979,0.00455904745893321,-0.22,-1368,0.0050633019565467,0.00447028013090378,-0.0576950384838959,-0.0543816663235941,0.00437913887833385,0.00657307415884922,-0.0513841993464785,-0.023530497410194,0.0665426999999998,-0.0113290999999998,-0.00110023831526984,0.0044306674164849,0,0.0136916304179433,-0.9849,3.92657,-0.0242315728886489,-0.041025162157192
Sept 2006,-0.2,3.40000000000001,0.00457660950870853,0.000594000611465972,0.00354746707026266,-0.000888776086945597,0,0.00393443130483462,-0.130000000000001,3182,-0.0221285625107335,-0.00357462400295905,-0.112362968187044,-0.179303269309704,-0.00166296235693952,-0.015001781493905,0.0415490029128724,-0.0396853971765125,-0.2157618,0.6165207,-0.00111773686223593,0.0039708854294922,0,0.0129905697956501,-0.8073,2.01207,-0.0326960060203332,-0.0660331181440785
Oct 2006,-0.0999999999999996,8.19999999999999,0.00106528696195163,0.00414815409630842,0.00193936871484013,0.00386676022979415,0,0.00706605300596053,0.0300000000000002,5557,-0.0252736763838506,-0.00268937858197127,-0.0687657794001346,-0.0696539093404148,-0.00114747595612652,-0.019536640908278,-0.142877255042761,-0.0527253894688098,-0.2505981,0.0579747000000004,-0.00078207318542578,0.00395517984292848,-0.0521857531705705,0.00206291976201367,-1.008,1.40633,-0.00141354532329885,0.0419923740824659
Nov 2006,0.0999999999999996,-1.5,0.00466073243651621,0.00118203323455512,0.00070235931757523,0.00257911976179415,0,0.00505738706960557,-0.0599999999999996,599,0.00440335365826972,0.00358423322781487,0.0698780381943909,0.0125449673880761,-0.000420432628336798,0.0146881465616566,0.0516285835776156,-0.0225452383210563,-0.5113124,0.5257353,-0.00230088356400593,0.00393959800407995,-0.018018505502678,-0.00051533111163593,-0.9296,1.9687,0.0605365147957171,0.0491106807890223
Dec 2006,-0.0999999999999996,-0.399999999999991,0.00652038853523784,0.00412614791117205,0.00932849499715793,0.00656988631617672,-0.00999999999999979,0.00607766811691235,-0.0700000000000003,-2943,0.0113587940356066,0.00624166092347611,-0.0342466030671149,0.0414273321925224,0.0101417470966894,0.00605695370818982,0.0490934242172454,0.0649456043917178,0.0997605000000001,0.0918376999999997,-0.00219157259390546,0.00479408196467457,0,0.00360175331482537,-0.9661,2.52398,-0.00423829219323668,-0.0509587219718775
Jan 2007,0.199999999999999,5.2,0.000500494319181755,0.000588062351554175,0.00529774718848763,-0.00327097093456175,0.00999999999999979,0.00538090097060184,0.21,3868,-0.0122379149713465,0.00443459706786609,-0.0450420615108662,-0.0781578270543206,-0.00338886599431643,-0.00970881412696034,-0.157288810660919,-0.00735297430525961,0.6946588,-1.1510654,-0.00279275595716388,0.00349822190664018,0.0269074529199242,0.0127585297903812,-1.1301,2.07577,0.015685678033587,-0.00249546886445984
Feb 2007,-0.0999999999999996,-5.60000000000001,0.00491249001440153,0.0023487973217553,0.00285793742710005,-0.00175692154786411,0.00999999999999979,0.00224520532692374,-0.0300000000000002,-465,0.00351185611153948,0.00793305174079606,0.0602099295677654,0.0959398366621519,0.00937846930767439,0.0169290621004476,0.0491618548594808,-0.0173701637815356,-0.0441700999999997,0.1885224,-0.00135820475001491,0.00403420754896366,0,0.0294800264178043,-1.1338,2.42026,0.0472588409363253,0.0291856838556166
Mar 2007,-0.0999999999999996,-2.89999999999999,0.00580617598916255,0.00292825977908873,0.00476596114277683,0.00282558773142405,0,0.00474043887190412,-0.279999999999999,-3704,0.0156524934776758,0.00699915368218829,0.0651655501531492,0.090990023217997,0.00177861544930291,0.0148767992144432,0.0100841190666259,-0.00125234831646548,0.1580187,-0.4016837,-0.00152469988019455,0.0032569810410239,0,0.00686950689651766,-0.9522,2.7982,-0.0201424191400124,0.00553976038871618
Apr 2007,0.0999999999999996,-1.30000000000001,0.00373495239129618,0.00583092031079291,0.00331337649212493,-0.00537201550765332,-0.00999999999999979,0.0100633097376992,0.0999999999999996,1689,0.0137105832385078,0.00434972412646584,-0.00242939688267363,0.129548375145869,0.00670031990175257,0.0123277170245899,-0.00335008688528138,-0.0822380982369726,-0.0792119000000002,-0.0193350000000003,-0.000340358257797213,0.00208389355180749,0,0.00146591768249582,-1.0115,2.59292,0.0216184341681327,0.00725426006560514
May 2007,-0.0999999999999996,1.2,0.00650966218716675,0.00232288141613957,0.00436641251639358,0.00841174820761559,0,0.00191786361932422,0.0999999999999996,922,0.00931815297941174,0.00260078170005684,-0.027120306219194,0.0770607656472491,0.000955921474810495,0.0110241905578814,-0.0516465888621669,0.0155251177664084,0.2058581,-0.6087289,-0.00135709459776656,0.00243929222893335,0.0175443096509094,0.0116506172199751,-0.9729,2.70989,-0.0320722828729032,-0.00284444225106739
Jun 2007,0.199999999999999,-3,0.00362089550028699,0.00289603445965225,0.00216577542036944,-0.0101935114746361,0,0.00456596678396792,0.210000000000001,-425,0.0117352562184205,0.00431966114451665,0.0959915527972139,-0.0733651457851729,0.000576847783707812,0.00288101610973079,0.0230537628683232,-0.0593277404248012,0.2903086,-0.3661704,-0.00189311655727042,0.00223258293837958,0.0590889163700066,-0.00386847677792002,-0.5628,2.69277,-0.0124130013109935,-0.0178278873767805
Jul 2007,0.100000000000001,5.10000000000001,0.00575787788635651,0,0.00455342832905004,0.00247062666969278,0.00999999999999979,0.00423099936274518,-0.16,-249,0.012422519998557,0.000861697597481559,0.104082560212334,-0.0361937764837466,-0.00120025670999269,0.00745202646051446,-0.067120119473441,-0.0332400544629232,-0.600207,0.8206187,-0.00301215017059775,0.00281994969327926,0,0.00579711768432567,-0.1499,2.31789,0.0277531593056253,0.0162228761535008
Aug 2007,-0.100000000000001,-7,0.00750997142118948,0.00346420669766934,0.00489003531981602,0.00495156785403061,-0.24,0.0103443339233209,-0.510000000000001,3032,-0.003297612221556,0.0017211708207725,-0.0554748611469575,-0.0451632306756915,0.00192403938484897,-0.0155398810622129,-0.0178842322564208,-0.0298306981291407,0.0390291,0.2233548,-0.00419680153566837,0.00246360563968029,-0.00823049913651541,0.010064786616141,0.996,1.89745,0.00187301047452149,-0.0407142371231251
Sept 2007,0.100000000000001,0,0.00555819799247814,0.00115207386014538,0.00470373500119159,-0.000108499818798791,-0.0799999999999992,0.00245816517842812,-0.3,-944,0.00576370471674981,0.00343347976789143,0.0985245515373361,0.0226587647653096,0.00222012678441796,0.0063602411573207,-0.117125357237413,-0.0464839685574052,-0.0793889999999999,-0.3246425,-0.00619441702201229,0.00316949407086309,0,-0.00862074304390692,0.6976,2.83383,0.0993168402864031,0.0738171524327145
Oct 2007,0,-2.5,0.00595446045618964,0,0.00381188429817492,0.00277731224233868,-0.180000000000001,0.00203489029930104,-0.0399999999999996,492,0.0146701897477941,0.00768249617201633,0.142676125010377,0.0211126772375594,-0.00282406121451473,0.00689261775309724,0.0662277107284162,-0.0562724883396246,-0.2819975,-0.0969857999999999,-0.00892752920842987,0.0045520616734942,-0.033616610798985,0.00240211501524445,0.7861,3.6107,0.0595276821677544,0.0291583898386643
Nov 2007,0,-4.80000000000001,0.00591636589789246,0.00344827927891567,0.0073795864824433,0.0015307794882915,-0.27,0.00342703118019472,-0.63,-3016,0.0310658195748905,0.00931026615109598,-0.0608636053409857,0.075425249805088,0.00532071179671423,0.0243155887007438,-0.0544628691488303,0.0264916154469761,0.3399531,0.4835635,-0.0134283487187021,0.00435090649844305,-0.0172418064345061,0.00574164256767506,2.0642,4.37327,0.0148949038001094,-0.0348012091108929
Dec 2007,0.3,-0.599999999999994,0.00454271731672762,0,0.00169604681200219,-0.0143061662337587,-0.25,0.00405690932990588,-0.22,2392,-0.0015698590351203,0.00504202748824767,0.0796953648426735,-0.014309187238325,0.000348760706312845,-0.00223713739835585,-0.143486497328445,-0.0632321852235158,-0.0882278999999997,-0.6996327,-0.010473583470227,0.00390973341555334,0,0.00665718102917978,1.318,4.10881,0.0511989206359669,0.0426169715255691
Jan 2008,0,2.90000000000001,0.00380620170921908,0.00400802139753909,0.00236364110604015,-0.00126403660025964,-0.3,0.00447958939656345,-0.64,-3049,0.0148150857851403,0.0116667989996158,-0.0456320504800241,-0.0252086317191016,-0.00132437340096825,0.013348362823427,0.0443259737700643,-0.0490512948668291,-0.0771538000000001,-0.3725835,-0.0131239289806544,0.00312348881781599,0.00865806274311476,0.0280392200643931,1.6143,4.2947,0.0992149518355321,0.0388226354846113
Feb 2008,-0.0999999999999996,-7.60000000000001,0.00573621206471309,0.00399202126953746,-0.00147161168007948,-0.0112794068163904,-0.96,0.0114407887456363,-0.51,-2886,0.00231928979109153,0.00907222717231093,0.104618449187002,0.0501169225184226,-0.00392967089813467,0.00934843211813519,0.017375837253911,-0.0759377988307977,-0.1688351,-0.82238307,-0.0110914037784182,0.00197844600380659,0,0.00413888841011456,1.425,4.14296,0.0478231396283553,0.114074505559541
Mar 2008,0.199999999999999,-1.3,0.00420720677921693,0.00284171830902746,0.00535546066925363,-0.00072454879558137,-0.37,0.00864219075298145,-0.35,4025,0.0304205967007114,0.016287004974699,-0.00236081164143798,0.0498545602252187,-0.00305048880108227,0.0280644430354586,-0.0930461987603266,-0.0474596886978347,-0.3641106,0.33473235,-0.00764782377879936,0.00228180124315625,0,0.0320641602538458,1.6747,3.9749,-0.0333145562747452,-0.0667827370788148
Apr 2008,-0.0999999999999996,-6.9,0.00326031972807073,0.000567375901745493,0.0034816205788335,-0.00326698182846741,-0.33,0.00552577385234088,0.43,-3533,0.0280668349336208,0.00483482005458313,0.113110591237242,0.0908792669886758,-0.00647295579012575,0.0158398243122821,0.00792868375550704,0.04152495317802,0.0838280000000002,-0.56716291,-0.00347832663302405,0.0024878316463024,0.0170944333593002,0.00620294412460787,1.6938,3.90376,-0.0770464008741252,0.0339127951102594
May 2008,0.4,-2.8,0.00223915465744362,0.00283206079971832,0.00613784311368981,0.00348323279732554,-0.3,0.00164532318480148,0.4,1423,0.0280090122852164,0.00321027563024856,0.113375800668975,0.0886521801956441,-0.00607620518403351,0.0294214769813639,-0.0402874220626783,-0.0129807114727214,0.2693392,-0.44745804,-0.00181256461645241,0.00136153821027918,0.0168071183163812,0.0140353181163837,0.9686,4.08841,0.0134499094357166,0.0255399101734248
Jun 2008,0.199999999999999,-3.4,0.000832814420132166,0.00395145871192737,0.00539387313227024,-0.00860419786163291,0.02,0.00241772425145115,0.32,1421,0.029998761552406,0.0103627870355467,0.094417466074022,0.0393477053434323,-0.00233548732249655,0.019643039033558,0.0723445624388637,0.170526980301117,0.441668,0.02086908,-0.0028841359645666,0.00345551832870861,0.0645385211375711,0.0215432717739636,1.7357,4.93597,0.0587836479236543,0.0854560448700257
Jul 2008,0.2,4.8,0.00109305083538835,0.00281294137661492,-0.000196346001553493,-0.0107323046552921,0.00999999999999979,0.00608945499709357,-0.2,-6100,0.0136520891683274,0.0149550209487428,-0.119705073070737,-0.0347861160854155,-0.00358020406505766,0.0246317871896657,-0.125099410122017,-0.247809681204403,0.2205083,-0.45643745,-0.00494815093134005,0.00299172868805364,0.0231670592815343,0.0185816157121357,1.1928,5.49751,-0.0224972220269359,-0.127672073684218
Aug 2008,0.3,1.8,-0.00115755839443743,0,-0.000923342959788798,-0.00665943805657676,-0.00999999999999979,0.00187215544840491,-0.15,4595,-0.0309835455199678,-0.0165423228693156,-0.0719482577083612,-0.0707100755783174,-0.0158244158056107,-0.0321412092117974,-0.0894767399068943,-0.0708559367673445,0.103525,-0.65658836,-0.00869731442965627,0.00333916150344749,0.0076045993852194,-0.00335289501031166,1.546,5.30802,-0.0864134696474519,-0.0770726010658676
Sept 2008,0,7.3,-0.00182292909812354,0.00112296474462381,-0.00584465568445225,-0.0163878614620607,-0.19,0.00849592435388757,-0.34,2102,-0.0370412716803488,-0.00797452391876963,-0.137557536995873,-0.014487064902253,-0.0450476005695624,-0.0106088390794126,-0.0288481543376591,-0.0737494206977471,-0.3216196,0.4578685,-0.0145010496529618,0.00304637053305878,-0.0152674721307884,0.001677852742616,4.5687,4.95332,0.0698293416319169,-0.123809934526586
Oct 2008,0.4,-12.7,0.00125622261242597,0.00447929080404563,-0.00816857721905428,-0.0278261943886768,-0.84,0.0129361379401942,-0.47,-587,-0.0613505746613843,-0.0210363744384052,-0.39116858656905,-0.312962229124859,0.00989232060824641,-0.0548010833935892,-0.053863989890651,-0.0796245600613386,-1.1236857,2.2107845,-0.0171241434257912,0.0037858071504866,-0.0312525435041042,0.00125654466794867,7.7485,3.73106,-0.208068236423537,-0.240039977516759
Nov 2008,0.3,-2.3,-0.0034818344130283,0.00278940208757872,-0.0149506030339328,-0.0223397900368543,-0.58,0.006511749742101,-0.4,15747,-0.0769610411361281,-0.0324083202432215,-0.209833116859514,-0.339186760984501,-0.0132886530605933,-0.0528757520479477,-0.175395788440994,-0.161879747628778,-0.82266744,1.5890862,-0.019617802422875,0.00335407269463062,-0.0240975515790609,-0.0586122068935655,6.8449,1.09992,0.110358301023833,-0.0724155725788496
Dec 2008,0.5,4.8,-0.00290539855484617,0.00222593302815399,-0.00850325390533335,-0.0152578068636462,-0.23,0.0218963016528715,-0.39,1165,-0.0469169197877513,-0.0222041573110099,-0.213410237269935,-0.159538671486615,-0.0286041968539079,-0.0339405600819971,-0.152107778197458,-0.122185684352814,-0.50157649,-0.2348758,-0.0228579528928226,0.00241720584373795,0.00809721023261956,-0.0156567725219317,4.7812,-0.02223,0.0613835802727865,-0.0459169729853821
Jan 2009,0.5,1.1,0.00122472574758881,0.00111111122542296,0.00465171562560762,0.0128123549214223,-0.01,0.0102221738070778,-0.0099999999999999,4624,-0.0131870042819537,0.00688470877749658,-0.0665135644225572,0.130582224790424,-0.025259180320143,0.0017538735860958,-0.133531392624523,-0.01637889208404,0.19057948,-0.5219583,-0.0210868845783674,0.00281069216560237,0.0160003413464413,-0.0302082466286375,4.0317,-0.11359,0.0600123977233018,-0.055357861558563
Feb 2009,0.500000000000001,-4.90000000000001,-0.0032148437424091,0.00387919577616547,-0.00230788493883516,-0.00792287766483035,0.07,0.00364878206882757,0.17,10565,0,-0.00257621439177314,0.0563726324465077,0.0379015208101152,-0.00610417464948121,-0.0111601745685519,0.172065056626766,0.0235731677180668,-0.09192817,0.0517093000000002,-0.0117518870686384,0.00133392728316384,0,0.0152181862480152,4.1582,0.00846,0.0271193959080538,-0.045573491594129
Mar 2009,0.399999999999999,1,-0.00596991457806162,0.00220994565080312,-0.00523532018263495,-0.0166555128376764,-0.04,0.00803322947800922,-0.0499999999999999,-1415,0.00529568757471033,-0.00690252956277071,0.117204033286438,0.0693071227858241,-0.0157796956259579,-0.00711324872451957,-0.141912018456078,-0.0840831172105414,-0.86232491,1.1665066,-0.00750014565383506,0.00134421604966573,0,0.00775020975293472,3.2029,-0.44648,-0.0271193959080538,0.0351707010540441
Apr 2009,0.300000000000001,7.8,-0.00261695151056962,0.00220507255831404,-7.16270075056258e-05,0.00421947100603504,-0.03,0.000560274191380827,0,-280,0.0105079775984152,0.00518135874199821,0.0142016588281648,0.001465201727328,-0.00832511506307121,0.00593121548996489,-0.0549476967839038,0.0154741965825975,1.70961423,-3.17586672,0.00291698394624262,0.00104514639552011,-0.0079681696491769,-0.0027285146532039,2.8286,-0.57632,-0.0326446691412761,0.00716126734742595
May 2009,0.4,3.60000000000001,-0.00228176466917063,-0.00110192848615664,0.00195255657742344,0.00677818029302735,0.03,0.0069001419833441,0,4634,0.0172715865086603,0.00429738521254563,0.275342096216205,0.17259488727779,-0.0101509109300242,0.0100030254499348,0.121958407066864,0.0650182524972154,0.0683095,-0.00188801000000001,0.00832236852552892,0.000682774823299148,0.0079681696491769,0.000455269755189391,1.3618,-1.01576,0.0892585689465344,0.122111740722707
Jun 2009,0.0999999999999996,2.09999999999999,-0.007126981704765,0.00165243772108914,0.00619020506491985,0.00756042993194228,0.03,0.00119466554706271,0.25,-1313,0.0270286723879192,0.0102389973010943,0.0515797862961138,0.0815894495655805,-0.00377593604375104,0.0191365654196733,0.0800427076735364,0.0778266402846253,-0.0227337999999999,0.4215363,0.0109208542635679,9.23396252066055e-05,0.0465200156348926,0.00861097548256406,1.6381,-1.22917,-0.0324126648750598,-0.0193647249183631
Jul 2009,0,-4.8,-0.000239440543644776,0.00658257999469436,0.00343488004078019,0.00463125045689239,-0.05,0.000496371769001414,-0.16,-6155,-0.00585041367817585,-0.00340136382348977,-0.0080529627026138,-0.0540461936504963,0.0112269628491237,-0.00923261030272826,0.0152674721307884,-0.0100335289895774,0.2777228,-0.59209396,0.0063352000640311,-0.00039350634735591,-0.0076045993852194,-0.00225886700972833,0.5116,-1.95876,-0.00479361770123621,0.0316397958157468
Aug 2009,0.0999999999999996,-0.299999999999997,-0.00337483485895795,0.00163889684321017,0.0118450485989161,0.0142360254039762,0,-5.90789590457774e-05,0.1,1633,0.0149753214551769,0.00594481580932005,0.0101990397835285,0.0430089740888382,0.0109072811177482,0.0143887374520997,-0.013559529785633,0.0346855579878893,0.4722972,-0.86202294,-0.000530827838458592,0.000140555757696781,-0.00766287274556898,0.0148150857851403,0.5317,-1.48384,0.0151016249242257,-0.00599540246416908
Sept 2009,0.200000000000001,7.8,-0.00214457140188529,0.00490063599900203,-0.00765610631193958,-0.0275487821434091,-0.01,-0.000165439656262478,-0.16,-3573,0.00165016539095753,-0.00169491565999103,0.0069785941552869,-0.0446083346856601,0.00877575096746508,-0.00515612714937141,-0.00170794234515537,-0.0114286958236223,0.336279,-0.92162147,-0.00693989345157853,-0.000257031210626479,0,0.0115198438328621,0.165,-1.37794,0.0517533515742006,0.0155013719522366
Oct 2009,0.199999999999999,-2.90000000000001,-0.00512515368115096,-0.00163087831744546,0.00491347166514444,0.00781479816660813,-0.03,0.00310333887221503,-0.01,288,0.00821022674312211,0,0.0892795945767784,0.067684826826936,0.00269183164708053,0.0062983317281482,-0.0912160082716618,-0.043631081359405,-0.7324476,1.07687068,-0.0069951225682674,-0.000309328257996455,-0.0312525435041042,0.00439561147303813,0.414,-0.22397,0.042289082614051,0.0322060498743708
Nov 2009,-0.0999999999999996,-3.19999999999999,-0.00463479167614622,0.00163087831744546,0.000901695248046508,0.00477050555963565,0,0.00342254625502214,-0.15,-3422,0.0146106495174347,0.00844599615341135,0.00194514747189256,-0.0169719329320072,0.00432872522176186,0.0124788913731875,0.0963311089384318,0.0663593324369609,0.1786704,-0.19577878,-0.00435045758848851,-8.03577527097588e-06,-0.0160003413464413,0.0139375078437816,0.1476,1.91459,0.115173389140337,0.0345195822672455
Dec 2009,0,5.09999999999999,0.00135015862689691,0,0.00667723794573405,0.00366406735259162,0,-0.000563737595085101,0.07,-1045,0.00241448809451761,0.00670580886719119,0.0281025007752591,-0.00840341079637941,0.00404986001487373,0.00393812042013764,-0.011976191046716,0.0637356306889805,-0.0204300000000002,-0.2140423,-0.00863537429483152,0.000453920089740656,0,0.00689657905906049,-0.2479,2.81412,-0.0597717432999172,0.0195442462982278
Jan 2010,-0.0999999999999996,1.90000000000001,-0.00451449794346281,0.00108577643674534,0.000348108036357431,0.000404153160300069,-0.01,-0.00406124196367763,0.0600000000000001,1682,0.0119857607452225,0.0083195155395579,-0.0859698830958084,0.0369017773470801,0.0108406384790483,0.0211118952284606,0.0552441712952314,-0.0430835861363112,-0.0908443999999999,0.40750533,-0.0114034609176024,0.000582162166667288,0,0.0102565001671886,0.0429,2.62111,-0.0194358467423044,-0.0756159325913845
Feb 2010,0,-0.800000000000011,-0.00531533887983038,0.00216802252941672,0.00370232934878523,0.00238950270485994,0.02,0.00583359490275548,-0.0700000000000001,-3760,-0.000794596783960877,-0.00331950512285228,0.0901179627033803,-0.0186572576045428,0.0037459440910963,-0.00496005425825086,-0.0164207302123272,0.0217737995495604,0.0358578000000001,-0.25517383,-0.0135182698687561,-0.000509875332478593,-0.00809721023261956,0.00169923575295972,-0.2409,2.15134,0.0271056339456592,0.0363792121024327
Mar 2010,0.0999999999999996,0,0.00257675926127554,-0.000541565136442212,0.00618291894329026,0.021208561411262,0.03,-0.000445726894094278,0.1,1233,0.00396668509010478,0.00745345065458025,0.0457271547632505,0.0524602215493875,0.00683336112732569,0.0126271235798336,0.0516243654053072,0.0553619293326664,0.2385217,-0.5509811,0.00376763907999589,0.00028909509422359,0.016129381929884,-0.000849256951255484,-0.4087,2.28617,-0.00270027166774689,-0.0126332824799
Apr 2010,0,-1.39999999999999,-0.00149415035548373,0.00216450300957272,0.00258625496324072,0.00807947820314148,0.04,0.00366547432060393,0.1,-1225,0.0110237336820482,0.0106689563495683,0.0309132685535385,0.0180631792724817,0.00338655620002992,0.00598315627683377,0.0771357288822268,-0.0755646366501859,-0.3829368,1.17405511,0.0124641310763263,-0.000309174246241106,0.0079681696491769,0.000849256951255484,-0.205,2.20677,0.0575714275315917,0.0191270463504116
May 2010,-0.300000000000001,1.39999999999999,-0.00438301368106053,0.00431500130141327,0.0027950648557038,-0.00812332892276935,0,0.00631563874637209,-0.23,-592,-0.00786167571139984,0.00488600320562593,-0.151095825457213,-0.0433993155345556,0.0134185316829223,0.00216684808509005,-0.164147105871857,-0.102399614774813,-0.0242389999999999,-0.0603289,0.0111687154402818,-0.000349441800409522,0.00790517950711322,0.0118144834137635,1.0091,2.00355,0.0324398017152037,-0.0718672133867546
Jun 2010,-0.199999999999999,2.40000000000001,-0.00129819949440702,-0.000538358021077823,0.00200566545238523,-0.000570234406852776,-0.02,0.00221615095546035,-0.11,-5228,-0.0119096286610958,-0.00733798645291284,0.0212589060999155,0.010574392060444,0.00184750220925256,-0.00705949171295828,-0.0840530252796903,0.0206547790307461,-0.2097452,0.12041585,0.00452623029937538,0.000297234118238343,0.0386148361277794,-0.00588979405606338,0.5716,1.12156,0.021593831512412,0.0030624089829896
Jul 2010,0,-8.2,0.00106692288532884,0.0037624338928306,0.00359035284264486,0.00129039550356502,0,0.00132039213976043,-0.1,5707,0,-0.00163800200423836,0.0422233141049615,-0.00290592285855085,0.00378984574359897,0.00326442074440703,0.0184848146741032,-0.0137223422551012,-0.39041923,0.31411859,-0.000941559060940733,0.000509912181688499,0.00754720563538314,-0.0021119332031434,0.1595,1.34078,-0.0602216397436832,0.0654168335049308
Aug 2010,0.0999999999999996,1.10000000000001,-0.000270818747436508,0,0.00379097619535784,0.00306895380867189,0.01,0.00558654222538557,-0.1,-4010,0.0039856569302037,0.00816331063916031,-0.0918538895297827,-0.024674424323622,0.00365793559629779,0.00433605015404659,0.0926426223705441,0.00172562596746939,0.37832153,-0.61618229,-0.00771479631033944,-0.000409515211986289,0,0.000422743612298326,0.4463,1.15018,0.0545627725812388,-0.025916935882254
Sept 2010,0,-0.700000000000003,0.000663200649006157,0.00374833102855332,0.00193852984493326,0.00690963968775371,0,0.003538891241746,-0.04,1286,0,0.00567492402602543,0.105708015400698,0.00446429312868546,0.00294342526586977,0,-0.00838227875280406,-0.0297484754007744,-0.43398312,0.54889295,-0.0125006352441961,0.00138043971262558,-0.00754720563538314,0.000422564975651518,0.0731,1.11831,0.0609345477942886,0.0699668631959556
Oct 2010,-0.0999999999999996,-0.5,0.00317159904641962,0.000534330763447777,0.0057257500672101,0.00792040563116103,0,0.00568420536486514,-0.1,3687,0.0110760625992068,0.00805157328754813,0.0185878957680909,0.0446454109060634,-0.00283769124509536,0.00915215002016456,-0.08976999942871,-0.0089206657583798,0.45812492,-0.86490291,-0.0102944998889329,0.00100203220498418,-0.0386148361277794,0.00337410695475793,-0.2379,1.1667,0.0194510900651412,0.0485186224416632
Nov 2010,0.4,3.89999999999999,0.000445044358125202,0.00213447252863253,0.00453410959289435,0.00650897125184358,0,0.00234658997947257,0.07,1907,0.016387413153093,0.0151216570240855,0.0322550157864452,0.0137495555831022,0.000869184552611202,0.00587765517921923,0.00367647472930877,0.00357782134788387,0.030975,-0.1632452,-0.00920915063297034,0.00279636534947603,-0.0158733491562901,0.00420168685370026,0.0156,1.08454,0.0282124362718301,-0.00366464864874594
Dec 2010,-0.5,2.90000000000001,0.0446493738873706,0.00159786984729537,0.00357816364852326,0.00300724588052326,-0.01,0.00382700603925379,0.17,-2982,0.0138357318526499,0.00708385488840513,0.0827822853006266,0.0663750689448728,0.00973782913477805,0.0105989333485059,-0.0110702237542464,0.120952610417663,0.0976354000000001,0.22855599,-0.00843390864187299,0.0026690460545904,0,0,-0.2541,1.43779,0.0253132625194139,0.101425225864786
Jan 2011,-0.200000000000001,-0.299999999999997,0.00397756904588675,0.00530786808804429,0.00412670406892168,0.00341107378161176,-0.00999999999999998,0.00252438198998739,-0.01,-6402,0.0151518050206025,0.0124709332541153,-0.00427702576652589,0.0159275266961012,-0.00210835614092897,0.0156906984793519,0.156004248476581,-0.0927817334509662,0.2961728,-0.17205399,-0.0113857836463298,0.00226449282008545,0,0.00835077921741956,-0.2784,1.70078,-0.0559599289980159,0.00984711050787279
Feb 2011,-0.0999999999999996,3.3,0.00241295026657085,0.00105820115694799,0.00249823211495226,0.00520661082364882,-0.01,0.00718722466610444,0.16,3370,0.017145406954989,0.0130821411705018,0.0649917649286795,0.0870382496802595,-0.00397874812894106,0.0159591546760893,-0.197676944877149,-0.0608416592562451,0.1646981,-0.2641049,-0.00943086197682774,0.00108863224520483,0,0.00992974646231115,-0.1052,2.1249,0.0556053190652221,0.012987258469412
Mar 2011,0,-10,0.00309286296449507,-0.00105820115694799,0.00747629933802507,0.00378498393633464,-0.02,0.00648931543974918,-0.0700000000000001,441,0.0291353456090171,0.0144215023150638,0.0894885671184751,0.0610592268108026,0.0103489910718046,0.0172156150540879,0.148886780707717,0.0729211849108458,0.1516361,-0.1604603,0.000399269704726812,0.00125403311048533,0.0158733491562901,0.00492814139078757,-0.3404,2.61924,0.0149611168691592,0.0203413848739533
Apr 2011,0.0999999999999996,2.3,0.00295919398608468,0.0005292405521784,0.00304628898877013,0.000811783532903121,-0.04,0.00704564786026118,0.03,1627,0.0255152041500617,0.00825520635596622,0.0656032615679942,0.0757552718484562,-0.00323549938184442,0.0193891234358414,-0.0797649684688624,-0.00343642949858136,-0.0306421000000001,0.0647641999999999,0.00992309501643884,0.000301368452969797,0,0.00653330212821857,-0.5318,3.07723,0.0675476161012334,0.033994907756985
May 2011,-0.0999999999999996,4.5,0.00150013350470068,0.00105764155813581,0.00188517381135611,-0.00401724278398063,-0.01,0.00797458548958652,-0.17,-5040,0.00139860162658323,0.00372995583506341,-0.0990210870492358,-0.0221565169450078,0.00120535293543256,0.00491160122945988,0.012556218775412,0.0617377006057795,0.2165648,-0.6541163,0.010970625428949,0.000681709214017445,0.0156253179030807,0.0032507139556115,-0.2914,3.45897,0.00391134788091207,-0.0519442411051925
Jun 2011,0.0999999999999996,-2.8,0.00339028603482561,-0.00105764155813581,0.00211541240491009,0.00823989781081735,0,0.00809676724893826,-0.15,-2157,-0.00630916919326463,0.0014880955127019,-0.074782306274356,-0.0597354547755862,0.00302031496218635,-0.00098039223538926,0.0804539764434713,0.0287101058824319,-0.1745975,0.0790418000000002,0.00885976046019099,0.000788142262843294,0.0380273955892392,-0.00365779720975734,-0.1298,3.50232,-0.0190481949706944,-0.0517966618454784
Jul 2011,-0.0999999999999996,-7.8,0.00903328340227461,0.00158604315563471,0.00343501812573876,-0.0030032122751269,-0.02,0.0174890630399283,0,3812,0.00140548160873522,-0.00372439909098254,0.00397947954216527,0.0343770961130807,0.00491505586733876,0.00342717593711672,0.0243716368212858,-0.0238674814066435,0.3146435,-0.522182,0.00280710331754541,0.00194986189285729,0.00743497848751806,-0.00122224500854351,-0.279,3.57988,0.0677763935929505,0.0291636639194621
Aug 2011,0,-7.90000000000001,-0.00308627373649273,-0.00158604315563471,0.00174100100302432,-0.00203724195543664,0.03,0.0197744909136723,-0.18,1018,-0.00351741481187862,0.00446761725971623,-0.0745100339319089,-0.0196566525495516,0.00672844381604865,-0.00686613781319956,-0.0629346715555963,0.0410152125674221,-0.9210332,1.2698503,-0.00392792283139975,0.00362067729018101,0,0,0.857,3.755,0.123567118994061,0.00988923781551332
Sept 2011,0,3.7,0.00401847784045906,0,0.00305570628090024,0.00889363219056172,-0.02,0.0021185115422071,-0.02,1575,-0.00141043746936198,0.00518711796611537,-0.117937872550102,-0.0330747636996873,-0.000827422594470661,0.00245760752843349,0.105360515657826,-0.0588873373335437,-0.5024388,0.54963543,-0.0114918517171567,0.00245757853755357,0,-0.00736500874179935,1.132,3.81262,-0.114161452552868,-0.159419981149012
Oct 2011,-0.199999999999999,1.3,0.00290090756611328,0.00369686188132601,0.00182524916212401,0.00500780168459514,-0.01,0.00343042746069244,0.07,-2032,-0.0035348216374933,-0.0201574574249808,0.166079036077253,-0.0163773233798965,0.00691643658723429,-0.0128460264541541,-0.0635134057223254,0.0953101798043248,0.4567333,-0.84910353,-0.012658169653724,0.00400957660628265,-0.037740327982847,-0.000410761969217077,0.2987,3.52227,0.0531944939421551,0.0640671690128736
Nov 2011,-0.200000000000001,2.90000000000001,0.00688132014457032,-0.000527287120046793,0.000360949022184087,0.00132802931696396,0.01,0.00537294210923989,-0.03,-1951,0.00705719230999868,0.000753863586400172,0.0741233017006575,-0.0429123392215258,-8.65912419243386e-05,0.00149068350585591,0.153213472635883,0.0508461005215599,0.0396395,-0.0454999,-0.0126887261821915,0.00279677849884497,-0.0155041865359653,0,1.224,3.45143,-0.00818239515493957,-0.0224493804773003
Dec 2011,-0.0999999999999996,6.2,0.0034256070948846,0.00158102799731852,0.00101735994642915,0.00122567538503304,-0.01,0.00493096624441414,0.01,-2013,0,-0.00453172980988281,-0.0153625191101296,-0.0149279238198023,0.00529226190156162,-0.00797611407000876,-0.0242004692964359,-0.0128298267327178,0.2064139,-0.3129804,-0.0110225980613388,0.00320121156006792,-0.0078431774610257,0.00164203649374439,0.6428,3.06207,-0.0790406668481811,-0.038209946068168
Jan 2012,-0.199999999999999,5.09999999999999,0.00503038373194187,0.00157853229304994,0.00727624257833348,0.00647640860133336,0.01,0.00753578414061806,-0.02,-653,0,0.00302343389799731,-0.00375082805803739,0.0540672212702757,0.00594655661573817,0.00449438958783865,0.0409372616519601,0.0212925006514517,-0.2402208,0.3591395,-0.00741151206320811,0.00203921974403265,0.0078431774610257,0.0122300749840614,0.3095,3.00877,0.0987972652842579,0.0244075109489783
Feb 2012,0,0.299999999999997,0.00271063037887664,-0.00105207795080409,0.00826179073328071,0.0101198268776344,0.02,0.00528839272019432,0.04,7346,0,0.00451807997478948,0.0839258443220974,0.0788117179143564,0.00321050378429177,0.00447428039492159,-0.0266308660007226,0.0358659131884966,0.0299806999999999,-0.0675518000000002,-0.00126797558607805,0.00182206610620828,0,0.00121482096333114,0.0542,2.89818,0.0283626499081215,0.0265634757769302
Mar 2012,-0.100000000000001,0.900000000000006,0.00499976121461287,0.000526177333897593,0.000609614642351985,0.00144234708793789,0.03,0.00447883484865308,0.06,-6969,0.0139667074817087,0.00748506488656631,-0.0385560106951752,0.0515888701578635,-0.00519117482368436,0.0128143695333511,-0.0128665105932502,0.0881399179061555,-0.139369,0.3349726,0.0138527209377219,0.00149007386985822,-0.0078431774610257,-0.0146761704719198,0.0087,2.58288,-0.0738283691881083,-0.0423228327860476
Apr 2012,0,0.200000000000003,0.00384407118309404,0.00419948123731828,0.00223510478104672,-0.00579944913422459,0.01,0.0054189694786082,-0.05,2907,-0.000693721845372863,0.00446429312868624,0.0178919740165355,-0.0227165163297942,0.00716775850578255,-0.00245158249780442,0.0801533822351015,-0.0963032285453167,0.3248825,-0.5463166,0.0189931962692613,0.00136427514585424,0,0.0077725897541665,-0.0176,2.27316,0.00105318598465853,-0.00431083551455114
May 2012,0,2.89999999999999,0.00557433979709643,-0.00314795642959798,-0.00106241468679258,0.000292233601928871,0.02,0.00436442032749262,0,1736,-0.0146804454042151,-0.00521028346540753,-0.192536580888654,-0.0426731411260759,0.00230654833654942,-0.00887579791396842,-0.0616211341061739,0.0838186718830718,-0.0966214000000001,0.6238785,0.0184335697755813,0.00119269805107791,0.0156253179030807,-0.00326530902373889,0.3501,1.73794,-0.0588405000229333,-0.0958405001621712
Jun 2012,0,-6.09999999999999,0.00420286765683997,0.00262398471208236,-0.00154569373309066,-0.00809127141070398,0,0.00701560335031637,0,2165,-0.0235137302804747,-0.0173131912016755,-0.0172538670511662,-0.0655926641987821,5.5291838529925e-05,-0.0104556591043385,0.0669191597437289,-0.00251572459724692,-0.80100903,0.89023195,0.0149266481155994,0.000678700776865604,0.0454623740767572,-0.00574007316105973,0.1086,1.65387,0.00127510377493234,0.0534046122410174
Jul 2012,0,-0.900000000000006,0.00359753795523865,0.000523971717515614,0.00245381054298832,0.00430315522812208,0,0.00524946046432007,-0.04,535,-0.00723592158617681,0.00378931866835064,0.035123758380732,0.0204470766422398,0.00209678420014292,0.00150037537523406,-0.0227130672392333,0.0669757250642116,0.50734403,-0.85112515,0.00775149134010089,0.00269482794928422,-0.0149256502166755,-0.0128286468648042,0.0964,1.41751,0.0333651436315696,0.0625955627688279
Aug 2012,-0.0999999999999996,2,0.00598646502628419,-0.00209753616494623,0.00355188659453631,0.00654260125427086,-0.03,0.00698957383820797,0.02,-1624,0.0122700925918142,0.00903620606393751,0.0909865867680377,0.0736191737733176,-0.00428827046970337,0.0129098118682665,0.0187421818097411,-0.0106572944739884,0.0734427000000002,0.0451128999999999,0.00292767203270294,0.00218900821687473,0,0.00041640641867513,-0.0833,1.68593,0.0213390203353994,0.0128087375919774
Sept 2012,-0.3,4,0.00303597074299766,0.000524796653345927,0.00444920481435318,0.00321175124371464,0.01,0.00788117520498233,-0.01,5236,0.00999294539751894,0.00821206556036991,-0.0454888918900993,0.0131546227348069,-0.000733960055224081,0.00835180487159537,0.116308326644099,0.101782694309942,0.5614122,-0.9588777,-0.00240795571681129,0.00285004157690594,0,0.000832293015169405,-0.2283,1.94972,0.071713743040684,0.0168310747042515
Oct 2012,0,4.3,0.00556396661877656,0.00157273951160031,0.00288634224130568,-0.00316513038203503,0.02,0.00646866233658194,0.02,-2673,0.00283688133519888,0.000743218168733684,-0.0667250423281294,-0.0698146563002982,0.00346796328918586,-0.00441285344689923,0.0772233706234662,-0.0473396038377221,-0.3183979,0.4454258,-0.00271242574460739,0.00490720808904044,-0.0383188643021368,0.00456527043157529,-0.3565,2.15568,-0.036014180745461,-0.0395900321685403
Nov 2012,-0.0999999999999996,0.100000000000009,0.00745626932479126,0.00157026988559927,0.00367453070312784,0.00723479558521056,0,0.00668795079913487,-0.01,-3865,-0.00710735045865185,-0.005961269516499,0.0264362823397617,-0.0374062168500662,0.00366093862814143,-0.00838889696314116,-0.0938904231086779,0.0332624899468854,0.0501199000000001,0.1610069,-4.86271513269187e-05,0.00250156002652169,-0.0078431774610257,-0.00456527043157529,-0.4887,1.79602,0.00594851228117399,0.000428654884753854
Dec 2012,0.2,-9.8,0.00328667279906192,0,0.00025045170885285,0.00358056943924367,0,0.0117644461268966,-0.01,8998,-0.00572247627406597,-0.00149588659158262,0.0364846143214361,-0.0412827737302897,0.00236674690059324,-0.00148772653277085,0.158428944246249,0.0258356673289146,0.4396802,-0.9714725,-0.000646270935090953,0.00277934365767241,0,-0.00208203281540342,-0.3782,1.7595,-0.0378849934442202,-0.0264822206421398
Jan 2013,0.0999999999999996,0.899999999999991,0.00632294514037213,0.0015678080033994,0.00634764273848809,0.00632124253850996,-0.02,0.00222206419065074,0.01,-3801,0.00500895501653797,0.00373552918508668,0.0614506156972574,0.0177314938604909,0.000245112623357358,0.00495050515985618,-0.094490843420922,-0.00106326432132953,-0.7873214,1.3735486,0.00308859652032556,0.00227686284770101,0.0156253179030807,0.00581880278533742,-0.6744,1.68406,0.00629027085310518,0.02362666270984
Feb 2013,-0.3,3.8,0.00751057641405417,0.00364868791549178,0.00338022492911705,0.00609935586312282,0.00999999999999998,0.00180833596756713,0,-869,0.00852883634752022,0.00742945467852074,-0.0592750464719227,0.119733933191734,0.00466600517933191,0.00884961527698191,0.0800427076735364,0.0416726964005676,0.0452211,0.17012687,0.00588696276850964,0.00209828817485569,0,0,-0.6319,2.01814,-0.0511518638964725,-0.0417966919015633
Mar 2013,-0.2,1,0.00326750942531007,-0.00104112450841054,-3.5428642290114e-05,-0.00428508097506608,-0.00999999999999998,0.00532980539983541,-0.01,6690,-0.000707964631340374,-0.0051948168771041,0.0550675385971564,-0.0278688990087921,0.00402048765132612,-0.00146950797936007,0.0486911591695982,-0.0459370951870257,-0.3558657,1.43490703,0.0191062972300378,0.00212775252237218,-0.00778214044205505,0.0037228584880058,-0.6357,1.51875,0.00720216045703825,0.00663840349304756
Apr 2013,0.0999999999999996,-2.19999999999999,0.00324315655855578,0.00156128056695248,-0.000797476472405023,-0.00282872661236233,0.00999999999999998,0.00258825229741788,-0.03,-4173,-0.00710735045865185,-0.00597016698650332,-0.0422198585033273,-0.0444517625708341,-0.000863344525043885,-0.00245398896156601,-0.19027388498445,0.0780683733698195,0.4513741,-1.25955522,0.0201401179155338,0.000613006666369209,0,-0.00662802757841341,-0.6949,1.13881,-0.0844335083930279,-0.0283640511350098
May 2013,-0.0999999999999996,8.09999999999999,0.00533053542804218,0,0.00358364649740928,0.00562096384222954,-0.04,0.0032212213855356,0.02,-3214,-0.00572247627406597,-0.00525329538334596,-0.0139348730689317,0.0348953758506159,0.000780673234115348,0.00294406493314892,0.107752861296446,-0.00893306188547527,-0.2782895,0.2577175,0.0189563276817406,0.00215945087418845,0.0231670592815343,0.00538861407540292,-0.3741,1.39039,-0.0433644077817119,-0.0227216881941033
Jun 2013,0,-0.400000000000006,0.00409866181691676,0.0020779228255865,0.00201182455573523,0.000672625316070707,-0.02,0.00535510411997997,0.08,7275,-0.00431345025371943,-0.000752728676865821,0.0470637598710075,-0.0188319051837409,0.00207278383112186,0.00097943200777717,-0.102973879680095,-0.0627455133855728,0.1751849,-0.17045484,0.0165408096444226,0.00129718237225784,0.0447836026269737,-0.00705250797009871,0.0638,1.71579,-0.158740764436867,-0.0483300753538058
Jul 2013,-0.2,1,0.00457529982749527,-0.000519076056295642,0.00248272346570388,0.0037822065465658,0,0.00365982725586278,0.01,-1930,0.000720201687594013,-0.00150715929057199,0.0868211001362349,0.0191062159795907,-0.00310675204574995,0.000489356505973149,0.047711201005046,0.0567454953854751,-0.3501774,0.51455089,0.0118084335244451,0.00215948450928138,0,-0.00417188756940678,-0.4998,1.88547,0.101279897070769,0.0134929591743527
Aug 2013,-0.0999999999999996,-3,0.00515183796336061,0.00259269007044383,0.00298518167878647,-0.00378790486072056,-0.01,0.00539059811790388,0.02,-261,0.00359324856612542,-0.00529301802849336,0.027033746907235,-0.0261198511265477,0.00576546223913077,-0.000978952598984506,0.0411855647842128,-0.0336594753512927,0.7943941,-1.40417353,0.00696349198936197,0.0038172613970815,0,0.00583578146410257,-0.182,1.53881,0.0449740836469372,0.0334198932391017
Sept 2013,0,-4.59999999999999,0.00513241577763957,0.00155239358472503,0.00343945202867779,0.000484240819568882,0,0.00558294036113516,0.04,-3300,0.00286533147328605,0.00378358377963917,-0.0534500134985523,-0.036409353415735,0.00507169457108247,-0.00147022815015507,-0.0758711227721021,0.0406560056411287,0.404996,0.2170104,0.00175524424146722,0.00235100788666465,0,0.0037336695520489,-0.3567,1.09473,-0.0417872780630439,-0.025892635481827
Oct 2013,0,-4.3,0.00573511699835549,0.000516929450642856,0.00454151992892271,0.00276422385340425,0.01,0.0113922440402145,-0.06,3632,-0.00645858003941147,-0.00606062461169099,-0.0611315400393959,-0.03899883995874,-0.000789041355739428,-0.00688979103381548,0.0845573880280623,0.0390674681909093,-0.6468991,0.2804093,-0.000707995681353601,0.00305325623907926,-0.0371790032417543,-0.00248756347180201,-0.5903,0.8768,-0.00149840822191738,-0.0149183390868055
Nov 2013,-0.3,1.89999999999999,0.00407077248938847,0.00258064659349122,0.00559399563744378,0.000976457241204542,-0.01,0.000792526607064303,-0.04,2302,-0.0086768440256888,0.00151860317718988,-0.0396154322326856,-0.000303628361221442,0.00233336000772777,-0.00644044832101009,0.173271721274037,-0.0144720326085341,-0.1049485,0.0583308,-0.0011790161599059,0.00273000846507809,-0.0152674721307884,-0.00166182007501003,-0.5879,1.23287,-0.0686582106625702,-0.0080891274538244
Dec 2013,-0.2,7.40000000000001,0.00473276807717049,0.00257400399517316,0.00265161649078394,0.00279918587125394,0.01,0.00590138261207507,0.04,347,0.000725952844948807,0.00378644905250347,0.0589516306849234,0.0114735558173154,0.00200863171411303,0.00396825917562094,-0.0933121771416516,-0.0235999153408732,0.473456,-0.8972792,-0.000520965744163604,0.00365054075669935,0.00766287274556898,-0.00333194810547699,-0.6869,1.51284,-0.0357655367768697,0.012259990414476
Jan 2014,-0.100000000000001,-1.3,0.00726537450917952,0,-0.00124287949712532,-0.0102888763299003,-0.02,0.00628964105625052,0.05,-3797,0.00362188009115449,0.003018870217252,-0.00633560263530963,-0.0108663912570719,-0.00356393274487488,0.00887142338741942,-0.12078153865264,-0.0292802340800842,-0.2857861,0.5693212,0.00054606567325699,0.00231247977611027,0.0226424767497599,0.00166736178686921,-0.3481,1.55776,0.0367688477870889,0.00293085470134447
Feb 2014,0.100000000000001,0.399999999999991,0.00668777645831398,0.00102774931965266,0.00500524397675939,0.011397316991955,0,0.00589268440257662,-0.06,-2686,0.010787591128997,0.00750754276973531,0.0531981934201884,0.0442274186110136,0.00752850603761601,0.00927967587028711,0.0611544231533303,0.0625514046861353,-0.0524171999999998,-0.0562610000000001,0.00313879548867479,0.00152646575828541,0,0.00124869943384454,-0.6714,1.12047,0.0631461563388962,0.0604392544991841
Mar 2014,0,-1.59999999999999,0.00534808578145096,0.00256476160083841,0.00731192682001769,0.00868349721332251,0.01,0.0032052883405278,0.07,-2821,0.00499465897409124,0.00893527910581238,-0.0128150445378994,0.0384498452184046,0.0096386050748114,0.00629999660645719,0.0271699053519283,0.0265922602025261,-0.3663664,0.52743683,0.00817958429864607,0.00275713762067387,0.00743497848751806,0.00497926339960753,-0.6461,1.61269,-0.025747584241663,0.00406031506603899
Apr 2014,-0.5,4.09999999999999,0.00712775110977582,-0.00205128277055744,0.00340649094986567,0.00833094028081049,0.01,0.00399443623813767,0.02,-795,-0.00571022251088493,-0.0104322853734056,-0.0148782748490452,0.0367567434110543,0.00096720249634874,0.00626055500155775,0.0725603835033439,0.0213267239214359,0.4335493,-0.44750763,0.0109585404383772,0.00224257105668713,-0.030077455237278,-0.00207168087353438,-0.7335,2.01513,-0.00154679071829822,0.0240390718150252
May 2014,0.0999999999999996,-2.19999999999999,0.00606736842954803,0.0015388564206309,0.0038184826792147,-0.000238971866368232,0,0.00571032993817688,-0.03,4160,0.00285918708004562,0.00149700626759319,0.0327350209719643,-0.0105591884020093,0.00382432097151586,-0.00144126856560867,-0.03512556228221,-0.0683377781127215,0.115379,-0.1988036,0.0104572365812299,0.0022229924790107,0.0374575625349007,0.00207168087353438,-0.7811,2.16695,-0.0298529631496809,-0.0291889625734019
Jun 2014,-0.2,0.599999999999994,0.00542086022773525,0.00153649197961681,0.00459673799394267,0.00114432377959872,0.01,0.00486121853464638,0.06,680,0.00285103543083931,-0.00524935588614373,0.0254942914430503,0.00813232999099922,0.00342631378895231,0.00144126856560867,-0.100187995458604,-0.0078895872751632,-0.2418442,0.3300986,0.00924250606389521,0.00222169387296578,0.0501897445238551,-0.00041399296803224,-0.8132,2.05898,0.0459761531099296,0.00591823501438604
Jul 2014,0.100000000000001,-0.700000000000003,0.00671776408780644,0.00204499048772755,0.00359335742473199,0.000682637448914392,-0.01,0.00479398647353158,0.06,-40,-0.00285103543083931,0.000751597179312391,-0.0767875858306004,-0.0455691154206066,0.00221878551799914,-0.00144126856560867,0.174792368714602,0.0633001308864252,0.3329453,-0.5932729,0.00554426923775964,0.00336132332603434,0,0.00495663963992765,-0.7033,1.97424,-0.0138039001691581,-0.0511459974272306
Aug 2014,-0.100000000000001,0.700000000000003,0.00530403975330707,0.00102092913410745,0.00663931340695179,0.00784179045903777,0,0.00210488699538658,-0.04,2000,-0.00788252021227009,-0.00527308189815834,-0.00377378182580124,-0.0243112216388395,-0.00188983782647423,-0.00481928643594909,-0.097709368922307,-0.0273215298511928,-0.052937,0.4636819,0.00188308774339241,0.00289176338699804,0,0.00123533060799286,-0.6773,1.7151,-0.00716848947861237,-0.0105294408124426
Sept 2014,-0.199999999999999,2.09999999999999,0.00502933993755939,-0.000510334280022562,0.000642333109329485,-0.00283340964723067,0,0.00358816639702653,0.1,-4737,-0.00794514833143545,-0.00378358377963917,-0.0708119902641657,-0.0293793163234699,0.00286931975014948,-0.00290275965796116,0.0388688688993728,0.0282504662858516,0.3084854,-0.652172,-0.00124303795318603,0.00342314304640556,-0.014084739881739,-0.003297612221556,-0.3698,1.68405,-0.0607218460642391,-0.0642974800432166
Oct 2014,-0.2,2.30000000000001,0.00316090684015791,0.00254907096987056,0.00609410726194426,0.00417564742479648,0,0.0063953353671895,-0.12,605,-0.0138738990632037,-0.00913943909309278,-0.124096109789358,-0.093046792096743,0.000119336084026145,-0.0146415499929482,0.0486505091171843,0.0156613058255379,-0.512795,0.861973,-0.00198129507387446,0.00354409751504559,-0.0361050046421161,-0.00330852245556112,-0.4836,1.60954,-0.0308426839162594,-0.00808451093559448
Nov 2014,0.0999999999999996,1.89999999999999,0.0023206399964053,0,0.00159015462972967,0.00467822357103742,0,0.00350954705977813,0.08,1259,-0.0185534078957481,-0.00922373949058297,-0.199884548163869,-0.0800154392844148,0.00615315135018957,-0.0123672117935705,-0.0703904957535899,-0.03251563738052,-0.2810895,0.76017202,-0.00151105436766041,0.00407077549061352,-0.0148150857851408,-0.00581638532143991,-0.4168,1.23152,0.00954306892431322,-0.0415472166966824
Dec 2014,-0.2,4.8,0.00803678062268354,-0.00101884878910274,0.00100909851408204,-0.00386495628000283,0.03,0.00717894181580014,0.11,-3030,-0.0257980923218444,-0.0093096095180023,-0.20999860017253,-0.204617186238815,-7.90677717281696e-05,-0.0196035430829005,0.0694589633154781,0.0122009960293408,0.8649446,-2.15338452,-0.00119486881168296,0.0026773777707163,0.00743497848751806,-0.00292092842766323,-0.4923,0.65312,0.0123756167833333,-0.0793572850251669
Jan 2015,0.100000000000001,4.5,0.00313382593089706,0.000509554151152614,-0.00243349400803261,0.00195901497341566,-0.01,0.00739079008818244,-0.09,3973,-0.0320214785669819,-0.0172960286507164,-0.111930224880987,-0.117565573439586,-0.00787922848747691,-0.025708356710207,0.0111215233438617,-0.0216887332344502,-1.27005848,3.6272667,-0.00128051382326522,0.00248201732550513,0.0219789067187754,-0.0088143277907573,-0.0045,-0.22993,0.0521892864460751,-0.0339965809741116
Feb 2015,-0.2,-2.69999999999999,0.00538151788850705,0.00406711287625905,0.00412682064226999,-0.00507830122265496,0,0.00986818180030014,0.07,4962,-0.003976148379639,-0.00158730192057277,0.0420014618891309,0.131817596146788,-0.00640590322631507,-0.00469852078155419,-0.202618315369479,0.0717219056434795,-0.53269906,0.4183944,0.00227733728191559,0.00289736549704944,0,-0.00974377545870375,-0.236,-0.08703,-0.0474060809034933,0.0254234386871302
Mar 2015,-0.0999999999999996,-2.40000000000001,0.00678742724934445,0.00253357115509312,0.00489860073038884,0.0124736050126373,0,-0.000159613567491945,0.02,-14829,-0.00159489666981649,0,-0.0434672772494826,0.0485450961618338,-0.00335187250837521,0.00209095737447296,0.0802163338568009,-0.0500331724090293,0.4150965,-0.62621954,0.00871875322228455,0.00262060310642731,-0.0145987994211527,-0.0025575461511167,-0.2124,-0.02203,-0.021600923760384,-0.0527496389041424
Apr 2015,0,2.90000000000001,0.00654321867709484,0.00151706729475265,0.00270656136878422,0.000853977984455412,0.01,0.00284402129657835,-0.1,8896,-0.00159744442915688,-0.00637452357743573,0.22264049102021,0.0486345342570488,-0.00547074611149601,-0.00313807788899823,0.214775301643693,0.0840530252796903,0.79155454,-1.75019189,0.0111589547061755,0.00165158632141615,0.00732604009207294,-0.0137518282334153,-0.4056,-0.10403,0.0210198421020626,0.0557344131836714
May 2015,0.199999999999999,-5.2,0.00493171265999237,0.00252334224225237,0.00541568437551732,0.00449175640472887,0,0.00230116959070514,0.07,1334,0.0111288906947093,0.00478469812333593,0.0105114841208387,0.0763844229855114,-0.00442282984484343,0.0130108522874917,-0.0979186208474401,0.0870113769896301,0.1128343,-0.15402784,0.011006708640287,0.00227879987949287,0,0.00302441362531614,-0.1993,0.03503,-0.0121132595126285,-0.0273655333841383
Jun 2015,-0.3,5.39999999999999,0.00758509594092693,0.00301962987371995,0.00264407292221058,-0.00256347168136095,0.01,0.00337105222278744,0.08,-3923,0.000790201542501201,-0.00318725369417905,-0.01286245077881,0.00968617438533181,-0.00315001851362062,0.00721280818924086,0.110444880666621,0.0807681338932342,0.0722271999999999,-0.19398958,0.00925648273564139,0.0027614039568169,0.0428637044317821,-0.00215936166825781,-0.3225,0.17957,-0.015244197643117,0.0171162772138382
Jul 2015,-0.0999999999999996,-3,0.00550140248842368,0.00200803280324546,0.00462048096745882,0.00748228888252811,0,0.00363366147805166,-0.0199999999999999,2085,-0.00952388151125572,-0.0039984059666951,-0.233154828880004,-0.0201954213164777,0.00646008219060779,-0.00463082895982847,-0.05020194865007,-0.19033033640476,0.0260704999999999,-0.08264345,0.00599573530633446,0.00370850034826109,-0.00701757265864655,-0.00173085287694352,-0.1015,0.22569,-0.0676953448289748,-0.112283124034745
Aug 2015,-0.100000000000001,-1.19999999999999,0.0046660452010503,0.00150338289403162,0.00252816043482795,-0.000204692853701616,0.01,0.00371147086968726,0.0299999999999999,-3865,-0.0176995770994006,-0.0145281005629103,0.0434083307863125,-0.0894983218178015,-0.00184021074428653,-0.010368159234952,-0.0140599855682995,0.0216928246112591,-0.0763265,-0.0381775000000002,0.00251290212000654,0.00341267486165187,0,-0.00347071931912968,0.6626,0.2413,0.0335818950754758,-0.0093030545265167
Sept 2015,-0.0999999999999996,-4.7,0.00795422712707428,0.00449663510606557,-0.000790877511706256,-0.00224359241332728,0,0.00504797462477491,0.01,2564,-0.0106080146121936,-0.00570731267929059,-0.0878986884941639,-0.0778538698679927,-0.00279496731355522,-0.0146984273492423,0.0799065513658856,-0.0181901940600575,0.20355723,-0.4432559,0.000600101177918866,0.00430329458917278,-0.00706716722309242,-0.00829155961334482,0.4136,0.00884,-0.0153938173509296,-0.0348155654759248
Oct 2015,0,2.8,0.00427517500458663,-0.00049862878121143,0.00068600116485662,-0.00366202696791618,-0.02,0.0042118461764602,-0.07,768,-0.00328677370662334,-0.00245599795986973,0.0336056061275016,-0.0413245612106621,-0.00484723531952813,-0.00849713025394649,-0.145743850654027,0.0138891121606672,-0.61637373,0.90077759,2.28538780175924e-05,0.0038841453353804,-0.0361050046421161,-0.0123458358222992,-0.0146,0.12762,0.0232218180963484,-0.00447931508554866
Nov 2015,0.0999999999999996,1.3,0.00222888961909185,-0.000498877535914044,0.00228059458749463,0.00246806793392196,0,0.00745233527565681,0.24,422,-0.00577797727988827,-0.00740439417420991,-0.142028457478921,-0.0788838940193852,-0.00738451773168602,-0.00964637705180493,0.102331357718713,0.0699119891987143,-0.00531480000000006,0.10547748,0.000508363736626549,0.00308409041350632,-0.0148150857851408,-0.00667707800096728,0.0399,0.43632,-0.0689991294854559,-0.0754130039564398
Dec 2015,-0.0999999999999996,1.3,-0.0319566109337881,0.00298953884836628,0.00231556030652058,0.00526214848355444,0.12,0.00578146438506799,0.1,-552,-0.0124949563968446,-0.0107929648776981,-0.0851468154636907,-0.0122161304192844,-0.0049161232406858,-0.011917800864035,-0.0224340728622723,-0.0268855297460329,0.16128785,0.00991659,-0.000154195400142498,0.00303340066071556,-0.00749067172915741,-0.0035794221662222,0.3704,0.63872,-0.0047988800634462,-0.0315654986829816
Jan 2016,-0.2,-0.599999999999994,0.00572772925096565,0.00248447332766144,0.00208584110923304,-0.00562980747317354,0.1,0.0110398850590592,-0.08,959,-0.0126530578863839,-0.00922438406572645,-0.0981150794263286,-0.0915806632623591,0.00522653483991409,-0.00491669933375682,-0.0482667409698347,-0.0335883799553747,0.00703260999999999,-0.14222596,-0.000434159194713679,0.0027434483126676,0.00749067172915741,0,0.5294,1.2375,0.0516516531084612,-0.0171448690696376
Feb 2016,0.100000000000001,-0.299999999999997,0.00546980733809832,0.00198314393205434,0.00611207335691866,0.00960653200102612,0.04,0.00575685713152119,-0.17,-3262,-0.00510639407457347,-0.0042211966436243,-0.0277126168196711,-0.0401262954830056,-0.00519826431929982,-0.00714485040006263,0.114929966673976,0.000853606539240381,-0.35909389,0.66138344,0.00141603454118666,0.0026437262846315,0,0.0146832448905414,0.5427,0.84728,0.100475799386784,-0.0166760083164172
Mar 2016,0.0999999999999996,-0.700000000000003,0.0080204355960376,0.00346106649579125,-0.00139489491162514,-0.00598450332400624,-0.02,0.00403867836100247,0.15,6505,0.00425713712331888,-0.000846381768681681,0.120697402828105,0.147317031816443,-0.00744756148301651,0.00440286897275666,-0.0976803333391967,-0.047170316421913,-0.33364836,0.4136106,0.00752039241897062,0.00242893277130118,0,0.00572562674066557,0.1537,0.89162,0.000971659995475882,0.0372316033742948
Apr 2016,0.0999999999999996,-2,0.00574637315803628,0.00590552897404129,0.00592482398030469,0.00159363441520277,0.01,0.00623615664727595,-0.11,-1247,0.00677394630895467,0.00506757841230598,0.218911544563942,0.0454193485195697,0.00337646555870652,0.00602246550646779,0.0457423628790341,0.0368786303853659,0.90741867,-1.39011988,0.0106798662853667,0.00233466848946673,0,0.00394477829101625,0.0607,1.17263,0.043473058114242,0.0814979983165891
May 2016,-0.3,5.7,0.00500839126427444,0.00147094902717493,0.00326153501970694,0.000414144380950887,0,0.0052585847685247,0.0499999999999999,-984,0.0117451014582821,0.0108924411664235,0.0656525154654393,0.0786897683850255,-0.00227036971985672,0.0113976810512835,-0.0129815756391531,0.0380595618243449,-0.02954203,0.01362964,0.0103064101905188,0.00292255444260192,-0.00749067172915741,-0.000437541026450106,-0.0107,1.07848,-0.0582301642019241,-0.00213275604257568
Jun 2016,0.100000000000001,-1.2,0.00578581186899996,0.00293542285144444,0.00618504250723362,0.00782565879592845,0.01,0.00472478104373764,-0.09,-2687,0.0066500660700175,0.00747201483870086,-0.0170487851280732,-0.00428449669983799,0.00471258849156975,0.0123359032808104,0.0467971390951671,0.0024865325700052,-0.3789603,0.62177731,0.00867962272028322,0.00293093563094349,0.0369045569354509,0,0.2485,1.07929,0.0812866028037265,0.0402395306874705
Jul 2016,-0.100000000000001,-3.5,0.00530860154068336,0.000976562577610363,0.00200095013775758,-0.000490983524558786,0.01,0.00421390432448376,-0.0599999999999999,1788,0.000828157397228857,0.00165289293830018,-0.150153431224436,-0.0651971034913249,0.00117140235496294,0.000532907020338591,0.0294861656544638,-0.00831259981936583,0.36697251,-0.94912764,0.00603996311459376,0.00323906593289625,0.00722024797348708,-0.000437732552404313,0.228,0.86836,0.0275585940476191,-0.0527076203611356
Aug 2016,0.100000000000001,-0.200000000000003,0.00637205311494071,0.00292397869143546,0.00245842721922074,-0.00149578270664641,0.01,0.0065190136098412,0.07,-215,-0.0024865325700052,-0.0082919214731092,0.0728691557530339,0.0248937950971135,-0.00150821967723314,-0.00587765517921923,-0.0564465180314251,0.0025010434045889,-0.05804776,0.08487256,0.00348021865324633,0.00354418321893224,0,-0.0013143484915128,0.2623,1.05532,-0.034549503978571,-0.0180569706891056
Sept 2016,0.0999999999999996,1.40000000000001,0.00586380452847024,0,0.00456413389293786,0.00426774292351517,0,0.00462945988577523,0.03,3142,0.000829531362375846,0.00332502384477174,0.0658246230287154,-0.00582830611965657,-0.00105569108727277,0.00160642604827377,-0.0920703440775767,0.0815147550448616,0.47435064,-0.78801021,0.00156161187871628,0.00350490743765963,0,-0.000877193038704149,0.3027,1.54864,0.00433708117548193,0.0305684162743853
Oct 2016,-0.0999999999999996,-4,0.00420476648652901,0.00145878946365974,0.0015867093118036,-0.000596388671382897,0,0.00560808481045072,0.07,-1551,0.00496278934212846,0.00165837517277634,-0.0188265740342648,0.00269420908369133,0.000155943998193742,-0.0010706639138407,0.206526854782656,-0.0383308559319788,-0.32043988,0.55057083,0.000375076446607281,0.00479844487695313,-0.0366341331797806,0.000877193038704149,0.1001,1.68592,-0.0339774789374019,-0.00517966350164656
Nov 2016,-0.2,6.59999999999999,0.00463680972279867,0,0.00201863422584658,-0.00107652962858928,0.00999999999999995,0.00559198343943024,0.14,-5341,-0.000825423076166842,0.000828157397228857,0.0536288096622082,-0.0346750067378306,-0.00418040872570646,-0.0021447729401336,-0.141286332914254,-0.0193242728264034,0.15820448,-0.22705163,0.00113524345236815,0.00394361186656589,-0.0226424767497599,0.00218962207036721,-0.1225,1.68433,-0.0811233321831226,0.0128776883091799
Dec 2016,0,4.40000000000001,0.00501831859140722,0.00194174818291026,0.00871857222966632,0.00933038644769546,0.13,0.00342341584952699,0.22,2920,0.0041203189730199,0.00413053044928979,0.0841908341501134,0.0694879516381617,0.00681259458935557,0.0101469495437367,0.0937140102715022,0.0145281005629103,0.38953136,-0.37210215,0.00093872519339655,0.00379930361932868,0.0151518050206025,0.00697474492707251,-0.0623,2.0508,-0.0190924272096149,0.0174386132898832
Jan 2017,0,0.299999999999997,0.0046381612646389,0,0.00443429087594538,0.00702241204701259,0.11,0.0056171239560836,0.01,-2580,0.00574007316105973,0.00247015358206237,-0.0187798946515962,-0.00564605191503853,-0.00263218586364911,0.013196285455094,-0.0507889655544691,0.0431270281954719,-0.1890014,0.88188869,0.00137664921527936,0.00241503774575769,0.00749067172915741,0.00563137723850637,-0.2066,2.51039,0.0505376038719847,0.000888601630313346
Feb 2017,-0.100000000000001,-2.2,0.00454911811212355,0.00048484849434649,0.00188895020624891,-0.00186397258535109,0.01,0.00500239162504279,-0.01,3771,0.00326530902373889,0.00328407520119001,0.0234202742080987,0.00780915031416496,-0.00402281929464987,0.00470835293038618,0.0658506850838796,-0.0544083726595117,-0.15995809,0.18898468,0.00199115947983408,0.0024486664705643,0.00743497848751806,0.00344976625007476,-0.2304,2.81036,0.0344819786496462,0.0016722659901971
Mar 2017,-0.199999999999999,0.600000000000009,0.0041634206758232,0.00242072255706827,0.0039270609368689,-0.000851757458367075,0.13,0.00458288418642105,0.11,-1339,-0.00163132173208336,0.000819336383401925,-0.0662189446042265,0.000432058766712484,0.00657724116591663,-0.000522056916059555,-0.0658506850838796,0.0303295394347343,-0.4396255,1.02316807,0.00812362648023512,0.00215735645069604,-0.00743497848751806,0.00343790626534801,-0.4174,2.4412,-0.00215560340544574,-0.0275943965064336
Apr 2017,0,0.0999999999999943,0.00378148566422887,0.00337919703647893,0.00222736711734761,0.00221726085846896,0.11,0.00416159454396237,-0.0700000000000001,-3103,0.00244598572825971,0.0024539889615669,-0.0246382017240134,0.0562700904318333,0.0101359365050238,0.00780238028418534,-0.0376756888308893,-0.0166472334331562,0.21552148,-0.40583658,0.0107404627889922,0.00199559331888199,0.00743497848751806,0.0102433674147608,-0.5884,2.17622,0.0135743302823368,-0.0158006541789284
May 2017,0,0.0999999999999943,0.00379878061820982,0.00192585519321398,0.000205002828996825,-0.00466088495601547,0.01,0.00384889153495394,0.0600000000000001,242,-0.000814663996176357,-0.00573537008474378,-0.0209024003505842,-0.0177141604175435,0.00118303478170922,-0.00103680672844053,0.00955282991899153,-0.034977131972151,-0.15386335,0.15852862,0.0105266073877592,0.0029484082968283,0.0147061473896957,0.00169707295715682,-0.6632,1.85634,0.00558243380778745,-0.0141885119597172
Jun 2017,-0.100000000000001,-2.09999999999999,0.00420950235600337,0.0024021150152449,0.00403832787958613,0.00447192643184913,0.13,0.00160180144603217,0.04,1406,-0.0024479816386398,-0.000822030461415046,-0.0481484152782303,-0.0502875440349357,0.00205798028521009,0.00414079266603196,0.0765127829319008,0.113358249676027,-0.60611858,1.09033956,0.00900826967347523,0.00304712852665912,0.0358461317731356,-0.00509988355665136,-0.5665,1.64057,-0.0262953546615403,-0.00275039479823391
Jul 2017,0,-1.59999999999999,0.00424344588430969,0.00383142231155587,0.00287672206993861,-0.000414784173793592,0.11,0.0041953162382935,0.03,-1275,-0.00163532334073047,0.00492207720542837,0.0871381254393939,0.0275879565188291,-0.00239755988892831,-0.000516662372640475,-0.0350341328384465,-0.0743922811426438,0.75347175,-1.12899819,0.00645012995081196,0.00279128741216628,0.00701757265864655,-0.00255972836011242,-0.7278,1.72511,0.0247259883632944,0.0214364242008083
Aug 2017,0.100000000000001,3.39999999999999,0.00363001744461044,0.000955566245668837,0.00235711517039228,-0.0018449850302158,0.01,0.00433868775906276,-0.03,2463,0.00571196983449429,0.00571196983449429,-0.0605499382878523,0.0197859538211771,-0.00414716762066014,0.00154918698682938,-0.0397515339473795,0.0489418056891706,-0.05998119,0.07404179,0.00429595794352267,0.00422892485203175,-0.00701757265864655,-0.0021381235427933,-0.4703,1.92812,0.0376065273165525,0.0031352067704864
Sept 2017,-0.100000000000001,-1.7,0.0039276074122796,0.00333730941451815,0.00918698130759665,0.0155153564473967,-0.01,0.0035332372413901,0.0399999999999998,-202,0.00810377206310697,0.00810377206310697,0.0892130705403318,0.0738995302561459,0.00103164160960389,0.00514669175176863,0.0188039728576106,-0.0354975541599076,0.40562405,-0.64641637,0.00241577049458819,0.00254620167993291,0,0.000427990590740279,-0.6699,2.18057,-0.0286939517069804,-0.00232502688756586
Oct 2017,-0.0999999999999996,5.60000000000001,0.00624935439047647,0.00285171295918829,0.00224829611397226,3.10808360755033e-05,0,0.00431199699556473,0.17,-1255,0.00161290357546484,0.000806776969940692,0.0507512469838494,-0.0374723392367705,0.0122429513273667,0.000513215305080195,0.0623663923928852,0.0631628699429339,-0.10510304,0.1792012,0.00135951488830788,0.00396610836583555,-0.0358461317731356,0.0127552749751256,-0.7492,2.02076,-0.0111925404322788,0.0202564118352759
Nov 2017,0,-2.2,0.00507204474268974,0.00142281266592326,0.00689936448330286,0.00745731004741224,0.01,0.00236261098571866,0.15,-2615,0.00962316969146126,0.00482704074831553,0.0544157140425781,0.0179251961426051,0.00238962678056787,0.00511771843698039,0.0126483899671594,-0.042944451829741,0.11647569,-0.14598611,0.00186440124278864,0.00374577276686949,-0.00732604009207294,0.00253164692177954,-0.8342,2.17249,0.00912783255607064,-0.00564194606783275
Dec 2017,-0.100000000000001,-2.59999999999999,0.00379409027215694,0.00519972809457059,0.00922573411336991,0.0033620723537009,0.14,0.00425454175955231,0.14,-1072,0.00159489666981649,0.000802246332638035,0.0519376860257914,-0.0243768314240937,0.00195332986359897,0.00203977633192043,-0.0784074912971304,0.00919546709310026,0.75489974,-1.83324379,0.00202947147500687,0.00393888541637555,0,-0.00295421189743106,-0.5158,2.12993,0.0111299696624299,0.0283459488958764
Jan 2018,-0.0999999999999996,-0.200000000000003,0.00444401999937583,0.00329489589685217,0.00271836597861075,-0.00874950254303641,0.11,0.000677321292339883,0.19,-458,0.00793654959573598,0.00719140134810736,0.0696322083620888,0.0531725953559204,-1.87259550115115e-05,0.00811775132610482,0.0986259094103232,0.00456621797958068,-0.91918096,2.03982056,0.00138809526656658,0.00281218969729657,-0.00738010729762273,0.00421763594420366,-0.6665,2.15132,0.0354981681648248,0.0183488087172865
Feb 2018,0.0999999999999996,4,0.00414236868063966,0.00187793482420018,0.0025799883125277,0.00273600806667673,0.01,0.00259694627263585,0.15,-1721,0.00236873383555025,0.00159109023224246,-0.0537158825375652,-0.0228913972414478,0.00242160662905277,0.00704937461022848,-0.0170811606380603,0.0030326027790446,0.23314714,-0.05328633,0.00402578877264315,0.00155222111427378,0,0.0125472160520887,-0.3491,2.26347,-0.0173075106583882,-0.0186494185036619
Mar 2018,-0.0999999999999996,1.7,0.00317058204504761,0.00281030629925549,0.00395904904393696,-3.09318211133558e-05,0.0900000000000001,0.00407244923796313,0.0999999999999996,5200,-0.00236873383555025,0.00396668509010478,0.0544869520491282,0.0384959003648448,0.00488635463438403,0,0.0316018590299132,0.0473111140991138,-0.44929661,2.173884,0.00842644785269631,0.00192027437168552,0,0.00124610608024689,0.3267,2.33095,0.00272294245845561,-0.00760763928313857
Apr 2018,0,-2.60000000000001,0.00191060244695329,0.00373483160565335,0.00327161947310195,-0.00250866031870167,0.18,0.00127996585164603,0.1,-2792,0.00473187002783337,0.00473934536389642,0.0553240070645602,0.0721098615928988,0.0109585819031714,0.00500501545302345,-0.0323852511577174,-0.00506696704783494,0.15804589,-0.56781865,0.0102173369424188,0.00278196832842426,-0.00743497848751806,0.0107350329018185,-0.0379,2.471,-0.00579514149542604,0.0239481608224885
May 2018,-0.2,-0.799999999999997,0.00438190344041978,-0.00186567218294975,0.00480115111581725,0.0137407878375893,0.01,0.00397246190667921,0.13,4671,0.00861736629116105,0.00706716722309242,-0.0233152069234661,0.0399502161779466,-0.009045665423149,0.0143744730325546,0.0615461959301342,-0.0294572108854307,0.12099372,-0.33671195,0.00911163513182167,0.00229246158358976,0.0148150857851408,0,-0.2405,2.78192,-0.00973383007462836,0.0124554530256669
Jun 2018,0.2,0.200000000000003,0.000510119469684156,0.00233154687108694,0.00182501469710772,-0.0044295899066622,0.12,0.00428281388048646,0.02,-3293,0,0.00156372197618282,0.10142624130257,-0.0445284949972276,0.00773932318395598,0.00490919002623791,-0.129643812209574,0.00521805134776621,-0.37678865,0.31758335,0.00783897054327465,0.00260456133951781,0.0218190473946398,0.00899433700448871,-0.0714,2.80755,-0.0414694998488248,-0.0371286725479161
Jul 2018,-0.2,-0.299999999999997,0.00566567454569089,-0.000931966516663607,0.00318220528559543,0.00514812168674261,0.0899999999999999,0.00242093161250878,0.0800000000000001,-4632,-0.000780335583880465,-0.00469852078155419,-0.0590408234027722,0.00457827881928097,0.00161307067324312,0.000489596093011357,0.0133335308694651,-0.0082120655603708,0.5320941,-0.88612002,0.00444570162564872,0.00323992825001085,0,0.0153476356644404,-0.5476,2.85412,-0.0253885485923497,-0.0233199344279811
Aug 2018,0,-1.7,0.00538618870706209,0.00465117117573088,0.00280112227971152,-0.00117233905235459,0,0.00350772304963876,0.0300000000000002,259,-0.00391083799199965,-0.000785237574701725,-0.000572573734508808,-0.00669842095620732,0.00644272910976706,-0.00441501820911672,0.0641245281695388,-0.0468056279181619,0.00536869000000006,0.01483532,0.00184777600395059,0.00406249289194882,0,0.00240192269200001,-0.6809,2.64292,-0.0101812466197737,-0.0196150454261552
Sept 2018,-0.0999999999999996,3.89999999999999,0.00298687628431438,0.00231749814036242,0.000271120657487245,-0.00599527086295559,0.04,0.00249800465543792,0.13,-944,0.000783392127804206,0,0.0464419119913178,0.0059954332295411,0.000650545274995196,0.000982801061907956,-0.0299470763679528,0.0316996004871486,0.28155646,-0.56988287,0.000224036158424923,0.00274687801185447,-0.00722024797348708,-0.0012002401920963,-0.7573,2.33206,-0.0195375093585701,0.0173441783030102
Oct 2018,0.0999999999999996,-1.5,0.00468547585183821,0.00369686188132601,0.00464754634465514,0.00760051807169404,0.24,0.000842986751806052,0.0899999999999999,-1915,0.00468750858309708,0.00470220302143609,-0.113503659608099,-0.0116712200165996,-0.00110339005648719,0.00489956884115905,-0.0234733561856419,-0.0324854551444878,-0.19784797,0.50285225,-2.43493251597116e-05,0.00339977444989614,-0.0145987994211527,-0.000400400405749402,-0.2192,2.49203,0.0284876835589234,-0.0238824163636302
Nov 2018,0,-1.09999999999999,0.00387342481377928,0.00460194093336908,0.00565037260585655,0.00560069098644789,0.0100000000000002,0.00136132729362792,0,3017,-0.0165033215144774,-0.00784933386445541,-0.251642587638033,-0.101769989201853,0.000793064524438059,-0.0113051093438266,-0.0333086579133424,0.0520791490448893,-0.0451503199999999,0.29715349,-0.00128161100917712,0.0041447887656334,-0.0148150857851408,0.0016006405978457,-0.1529,2.14733,0.00225580966401129,-0.0075969741124835
Dec 2018,0.1,0.799999999999997,0.00383505078631252,0.00183486290011015,-0.00788960125674976,-0.0203998931008567,0.0699999999999998,0.00850480638528239,-0.18,-5854,-0.0143657698020343,-0.00632413174946755,-0.117512296413538,-0.113754140116727,0.000245001843542703,-0.00644683611462415,-0.0756071739467608,-0.0173131912016764,-0.18594623,0.36684538,-0.0020012306922057,0.0026110440045608,0.00743497848751806,0.000399760149237594,0.6589,2.00238,0.0489286671089397,-0.0734313098917516
Jan 2019,0.1,-7.09999999999999,0.00499696275373473,0.000916170471779498,0.00234573361944967,0.00352342822812268,0.13,0.00439850854835377,-0.14,6212,0.00160642604827377,-0.00636438106885162,0.176026405473478,-0.00442282897000223,-0.00666522303835837,-0.00949769698892489,0.113002474245556,-0.0490179805504143,-0.17711162,0.11311382,-0.00244105991740362,0.00240463083955955,0,-0.00119976019190471,-0.1323,1.48759,0.0313755744465416,0.0509483237007702
Feb 2019,-0.2,2.59999999999999,0.00312022766857112,0.00365631120311072,0.002326077213608,-0.000329633543197261,0,0.00242684163151274,-0.04,1215,0.0103793346969487,0.00636438106885162,0.0607120229439655,0.057700032307607,-0.00547908849006618,0.000502134080346828,-0.089535693423997,0.0251981836046982,-0.0145273399999999,-0.02686346,0.00110141604271519,0.00231306894468997,0.00738010729762273,-0.000800640555178589,-0.5287,1.51886,0.00222813967066315,0.00820653574704977
Mar 2019,0,4.60000000000001,0.0030322126277742,0.00182315456151505,0.00925057714155919,0.0114475449884495,0.0100000000000002,0.00310962890244504,-0.0899999999999999,-584,0.00554456865977482,0.0071118434877171,0.0507775172792417,0.0930253349413174,0.000375280492541208,0.0080000426670761,0.0605721462831399,0.00697406933607336,-0.41410677,5.13161007,0.00657342091639634,0.00355425967256817,-0.00738010729762273,0.00916889022569567,-0.3275,1.88319,-0.0262187303051196,-0.00373221111032418
Apr 2019,-0.0999999999999996,-1.2,0.00408091410315947,-0.000455477120149705,0.00290133566756801,-0.0036530652869633,0.00999999999999979,0.00194634880444156,-0.0700000000000003,-1615,0.00157853229304905,0.000787091736817125,0.0587170737082863,0.0958991997960614,-0.00586597714116177,0.00645323659200159,0.0657971745447679,0.0206350462779934,0.66205601,-2.58307056,0.00926467859390367,0.00355079915464707,0,-0.00238379135527644,-0.6395,2.00058,-0.0046578510637616,-0.00635158419149562
May 2019,-0.1,2.8,0.00363767770894263,0.00409184476353364,0.00441988898271539,0.0105047362321997,-0.0299999999999998,0.00669723315947479,-0.13,-1278,0.001576044455466,-0.00315209086831469,-0.176728578724807,-0.0227720472501758,0.00115309834632704,-0.0019811794494089,0.0163746348717897,0.0187341559987324,0.14775957,-1.24751316,0.00797646316582767,0.00199084883486744,0.00738010729762273,0.00278053803772682,-0.1923,1.79591,0.00840715487798338,-0.0362629377360451
Jun 2019,0,-1.8,0.00259927171417473,0.00407516977824463,0.00385230988892715,0.00133441184378569,-0.0100000000000002,0.00808895414189514,-0.4,2344,-0.0110848324244932,-0.00554018037561566,0.0843906341942335,-0.0613779175206066,0.000444271950557962,-0.00696520228839415,-0.0394372872611459,-0.036285159739764,-0.57599942,-0.02162635,0.00587794278744802,0.00398496847691021,0.0218190473946398,-0.00158793205260377,-0.3451,1.67119,0.0865740385727705,0.0247691035325017
Jul 2019,0.1,0.200000000000003,0.00577724765482479,0.00135470781612446,0.00604055848720542,0.00526966634204129,0.02,0.00554279861287199,0.03,267,0,0.00158604315563515,0.00565408856573679,0.0227240174758829,-0.00486060386936593,0.00199501313051975,-0.00241643291162852,0.0597638611227023,0.13851571,-0.79555113,0.00355095321910159,0.0028901361447744,0.00716848947861237,0.00436076013143261,-0.4972,1.82633,0.0122023492080405,-0.00869904569062196
Aug 2019,-0.1,-8.60000000000001,0.00402488806625279,0.00180342699915093,0.0042816594519195,0.00587663793041671,-0.27,0.00545198312931738,-0.27,-240,-0.00558883690256629,-0.00556219153527415,-0.060934340028739,-0.0533308442119638,0.0068257248349024,-0.0075019106517944,0.103342351501588,0.07203392806273,-0.0333197000000001,-0.40677762,0.0016928078639431,0.00311031003043283,-0.00716848947861237,-0.00475813744641673,-0.0601,1.73764,0.0649513016130197,-0.0251180916613265
Sept 2019,-0.1,3.40000000000001,0.00290010426402887,0.000900495333250095,0.00222307699415403,-0.00795398329786501,-0.0899999999999999,0.00645415435043617,0.0799999999999998,4276,0.000800320170769808,-0.00319234109897337,-0.0179557773910544,0.0260750969261987,-0.00338944172338174,-0.00402415029972492,-0.0476635263369714,-0.00881062968215485,-0.0694085199999999,-0.36129055,0.000850051054246848,0.00358905185464753,0,0.00277833082072654,0.0925,1.6845,-0.025846204255136,0.0100179086092709
Oct 2019,0.1,2.3,0.0041622249487947,0.0026966308475993,0.00183511418248905,-0.00014602914062678,-0.21,0.0090006866347494,-0.0999999999999999,3095,-0.00400802139753953,0,-0.00129497751886598,-0.01756440725829,-0.00847836266428104,0.00100755676029962,0.0106222546566226,0.036100176721285,0.0796738899999998,-0.32462277,0.000448346905303154,0.0025309879871358,-0.0218190473946398,-0.000396432116192891,-0.1399,1.73397,0.0125586152920283,0.0185591036421213
Nov 2019,0,1.3,0.000255569398778022,0.00447828782469584,0.00638291333888752,0.00415098918054291,-0.28,0.00719373209976126,0.0600000000000001,2519,0.00160513678122864,0.000799041193132233,0.0731554903376126,-0.00657007194263581,0.00500676431521274,0.00201207311341989,0.0209118897504652,0.00784830712613527,-0.0273020399999999,-0.18296335,0.000665070835689008,0.00339747291377357,-0.0223057575142982,0.0071118434877171,-0.2007,2.09229,-0.0337893928586794,-0.0271962267493144
Dec 2019,0,2.5,0.00658300030080916,0.00312291130448417,0.00432751355345218,0.000295840929993574,0,0.00464995613186048,0,-4853,0.00240288461631089,-0.00159872136369632,0.0506564777606062,-0.00310679861545526,-0.00232668449446383,0,0.134639425978885,-0.0618061012474262,0.0064846300000001,-0.06578542,0.000622218890275583,0.00288429716109828,0,0.00823372618694318,-0.192,2.31953,0.0447487684108987,0.0478110066509885
Jan 2020,0,0.5,-0.00487647445838846,0,0.00630840297246493,-0.00336973735127266,0,0.00446628120624126,-0.0900000000000001,77,0.00159872136369632,0.00637960696403894,-0.17003231600949,-0.025607071809876,-0.00657513858004588,0.0015064024942566,0.0210937830597997,0.0354019270509154,0.0933248999999998,-0.30675164,0.000744268460888264,0.00307138842187982,0.00749067172915741,-0.00234558356172077,-0.1339,2.59977,0.0372806031528929,-0.0777365952092195
Feb 2020,-0.1,1.2,0.00326598413145973,0.00266904073037777,-0.00270740053040441,-6.53977820324059e-05,0.03,0.00325746898628054,-0.19,3631,-0.00721446014933225,-0.0119953457496749,-0.140256442285851,-0.0160904517317239,0.00335660145600958,-0.0131315018237359,-0.0204479967926039,-0.0271203062191931,-0.15114566,0.05385279,0.00384909593899874,0.00233871205481684,0,0.00273597981887441,0.6519,2.34132,0.0283755630488018,-0.0529210216522875
Mar 2020,0.9,-11.9,-0.00336302853286163,0.00354767556127067,-0.070928330764465,-0.0911097743722387,-0.93,0.0334932769282705,-0.88,-2443,-0.0244311825666612,-0.0145869685318836,-0.781964986083059,-0.20695334398362,-0.0399054262010248,-0.0184715359605443,-0.201747237712747,-0.0778686694009201,-0.65888974,3.89638751,0.0092261655970951,0.00266318810772415,0,-0.00351906521519485,5.3481,1.49404,-0.0134325758489666,-0.137560152534775
Apr 2020,10.4,-17.3,-0.0155808715153469,0.00573826337303895,-0.120135069763373,-0.147174714037186,-0.6,0.0613548035376414,-0.23,-9514,-0.0258887109780064,-0.035732925012784,-0.0644410124836008,-0.122971033666462,-0.141422479015456,-0.0401533073869791,-0.30200212622653,-0.223886769482943,-1.03742759,-0.11477278,0.00945953937406685,0.00181268754005082,-0.00749067172915741,-0.00865465669636034,2.3907,0.31305,0.0675273042528959,-0.0156313261229108
May 2020,-1.6,0.5,-0.0040641137814994,0.00175901540517964,0.0809114607411932,0.177418046304537,0,0.0486350193397413,-0.05,-2107,0.00674538813953163,0,0.615031026359675,0.100271446150355,0.0164029145284585,0.0165734881518675,0.104398514621636,0.149893089574617,-0.1684367,-0.36012282,0.00572920146566158,0.00198547380283287,0.00749067172915741,-0.00594414272479238,0.1951,0.1982,0.00517082258321722,0.0423903972401183
Jun 2020,-2.2,5.8,0.00294996082955912,-0.00705470297988997,0.0561933651799187,0.0746607979551399,0.03,0.0159865601993268,0.02,4834,0.0133557911815556,0.0176105180086354,0.0989582826295545,0.103624315456592,0.0634724915918268,0.0136916304179433,0.197603611604894,0.0650383961792222,0.73154748,-1.46157983,0.00605152472680448,0.00141620448677848,0.0221411258772137,0.0019853093675879,0.4979,0.71666,0.0257711575281681,0.0224253920465678
Jul 2020,-0.800000000000001,-5.59999999999999,0.00385110675357403,0.00924913001805638,0.0181974524006634,0.0107489178161373,0.01,0.00862284867352692,-0.04,-9721,0.0123610968235734,0.00992563979996941,0.0209154657226049,0.000459875841629653,0.0367871123008001,0.00937018828758518,0.186787609140281,0.147489002671798,1.05924433,-2.16179906,0.00795347243799771,0.00192025162775256,0,0.0102605477915372,-0.0767,0.99686,0.107511022577642,0.0553889369535527
Aug 2020,-1.8,1.59999999999999,-0.00101274657350459,0.00218962207036766,0.0107754419454835,0.00465740111141599,0.01,0.0036223029203839,-0.00999999999999998,-2961,0.00896866998276113,0.00492611833605583,0.0607126331992971,0.0213790266767909,0.00973196043125135,0.00671316747850881,-0.0890389285220845,-0.00844435027555246,0.10477033,-0.50032704,0.0111278594510988,0.00144361314036079,0,0.00352734051796855,-0.2684,1.28107,-0.000598653554754414,0.0653552404766939
Sept 2020,-0.600000000000001,6.30000000000001,0.0037513861203653,0.00523561405394535,0.0141367187448722,0.0170908723804573,-0.01,0.0125703417902798,-0.01,4841,0.00162206037186774,0.00571663459638305,-0.0619602939974522,-0.024141459372701,0.000125050932365589,0.00615702304202603,0.0536901331403126,0.0650276382908777,-0.0940073699999999,-0.0708985099999999,0.012205580745988,0.00135988138046539,0,0.00156372197618282,0.2512,1.39102,-0.0396491225933691,-0.0341776776256779
Oct 2020,-0.899999999999999,1.39999999999999,0.00125627553871155,0,0.0039259896858006,-0.00528785798171327,0,0.00828440376311157,0.02,-4124,-0.000810701300989258,0.00162733965937534,-0.11666007091176,-0.0120595153532974,0.00801742483730639,0.00510205188389534,0.0464274359005303,-0.0141584390374829,-0.18572673,0.11200811,0.0131818626967055,0.0020538225055704,-0.0147061473896957,0.00350945963627591,0.3853,1.23039,-0.00741961112177414,0.0139039852936218
Nov 2020,-0.2,-4.89999999999999,0.000260302960160885,0.00564115186567982,-0.00164472603460197,-0.0119105118579981,0,0.0120754183971314,0.02,-3223,0.000810701300989258,0.00809721023262,0.237628484235577,-0.0107906278075187,0.00353109679099894,0.00911860421643418,0,0.0542956025374792,0.0229917900000001,-0.14419409,0.0108343140273606,0.00123317846978921,0.00738010729762273,0.00466020260873012,-0.3981,1.17575,-0.0546838744123841,0.0344427663344904
Dec 2020,0,3.8,0.00321234013093274,0.00216122841850508,0.00815623213008898,0.00425198489264034,0,0.00808675714347018,-0.03,2421,0.00967749488206504,0.0120241929668019,0.0673691350611176,0.05639816685415,0.0131128551110438,0.011033211220874,0.0449869964667338,0.0283665908336488,0.22949183,-0.49100302,0.00878260793622054,0.001208434788464,0,0.0027084559021775,-0.418,1.32042,0.062736898065233,0.0484704379015799
Jan 2021,-0.3,-1.7,0.0021187093211239,0.00387847932857088,0.0167925002992249,0.0354206283861913,0,0.0117686621657764,-0.01,-898,0.0151337018142224,0.0267311513733031,0.0758496957190942,0.0643155805503141,0.00526452556660395,0.0212196464187286,0.00986444497091377,0.0571267035451983,-0.20342869,0.22738453,0.0088034422500991,0.000879263796593754,0,0.0122889411343508,-0.2674,1.35532,-0.0242481438122608,0.0258473951103619
Feb 2021,-0.2,-2.2,0.00467806532683746,0.00600344856272228,-0.00595546817021564,-0.029526115516747,-0.01,0.0121677237934819,-0.01,-2804,0.0117879557520419,0.0161604132560091,0.165533935012065,0.0959940444257871,-0.0336005769994232,0.0279267065345223,-0.149254709215052,-0.0808067011493421,0.22939408,-0.41976229,0.0116911210087176,0.00140289878081479,0.00732604009207294,0.00380952841666815,-0.4436,1.6675,-0.0675959375678277,0.0626620292679991
Mar 2021,-0.100000000000001,8.10000000000001,0.00320525617747869,-0.000427624552165273,0.0473287603098971,0.0974748919892487,-0.01,0.0115019900852715,0.03,-28,0.0147346597569369,0.0248787803280406,-0.039097243927829,0.0798966220378772,0.0285657862324502,0.0206774284277875,0.188947231766092,0.0259605003028689,-0.16164859,0.52882679,0.0206810609874974,0.00137490089810388,0.00727275932907978,0.0247853468603871,-0.6242,2.62365,-0.00787451369259884,-0.0217324225047628
Apr 2021,0,3.39999999999999,0.00405669336413972,0.00384205381900982,0.0131407769409702,0.00218280405936611,0,0.0169218762497803,0.01,543,0.00919546709310026,0.0118432176279066,0.0702872971960122,0.00698814863392827,0.00175785787732075,0.0133982138229118,-0.126146330527062,-0.0201329779835229,0.24087927,-0.02636635,0.0227110871757992,0.00158963246496313,0.00722024797348708,0.0165536242705882,-0.8042,4.13737,0.0301262540417602,0.0796310181756468
May 2021,-0.3,-5.39999999999999,0.00738012730613313,0.00679408133588399,0.0035119662323666,-0.0127075918891801,-0.01,0.0132540371458951,0,-664,0.0128838462726799,0.0225546119735931,0.0433008094821306,0.052563378853604,0.00883475785639298,0.0316196170146954,0.0609786807119299,-0.0105141155488511,0.11348998,-0.17599724,0.0222693729120937,0.00216073462470412,0.00716848947861237,0.041099227156689,-0.8118,4.92647,0.0746662497646877,0.0269053962704948
Jun 2021,0.100000000000001,2.59999999999999,0.034982277833123,0.00590719017328611,0.0135676661240218,0.00240053617976521,0.02,0.00207317803344154,0.04,-5408,0.0104869874952476,0.0114450462458731,0.103216762666655,0.0209226331103975,0.00366808956092424,0.0176293679932513,0.0376704003579098,-0.0291948050790518,0.18698125,-0.21700827,0.0221480989861043,0.00235159114138295,0.0141846349919563,0.0581499855622436,-0.803,5.31742,-0.0724624232574822,0.0183175636717205
Jul 2021,-0.5,-4.3,0.00367909993156168,0.00461700715229885,0.0029600963910692,-0.0213224453168479,0.02,0.00755216358016675,0.02,2018,0.00297619267304583,0.0106120557264902,0.00556122152157723,0.0144534393381821,0.0045308614450601,0.0128053838789484,-0.0326484186796137,0.00241546011160398,0.0179275299999997,-0.0965300099999999,0.016449444669691,0.00182679405450603,0.00701757265864655,0.0064016657412278,-0.765,5.26917,0.023717408588027,0.0181771161328204
Aug 2021,-0.300000000000001,-10.9,0.00402463446636148,0.00709370802736897,0.0106087493433655,0.00326645812369009,-0.01,0.00882746911459442,0,-3419,-0.00223131368143559,0.00210896387482062,-0.0773073746046018,0.000956175371655155,-0.00207892809413401,0.00672737430211345,-0.00188028886485192,0.0459715595250554,0.38929647,-1.1876876,0.0122428503553387,0.00355496601002692,0.0069686693160933,0.00102034296966291,-0.7677,5.18132,0.000925640300587283,-0.00301152877669075
Sept 2021,-0.399999999999999,2.5,0.00535349360650272,0.00249169564130947,0.00466226815190041,0.00245634047979237,-0.01,0.00804501097863763,0.02,-2069,0.00445765968451806,0.00280505092760919,0.0946058280777837,0.0114033544848384,-0.0119236250388361,0.00964848145590569,-0.0107222723871221,-0.0568873744020522,0.22172454,-0.26621418,0.00980541595375595,0.0044082158222345,0,0.0351981698908173,-0.5452,5.36352,-0.0331118631439731,0.0485212889368105
Oct 2021,-0.2,-1.09999999999999,0.00371441856987254,0.00207168087353438,0.0129303056568588,0.00510031402680866,0,0.00773960920685646,0.15,8654,0.0147169690806939,0.0187310367060629,0.10442947881462,0.0634552574539164,0.0133459909804463,0.0201080822142581,0.00126742729260343,0.0400412019761971,-0.82976958,1.63139296,0.00809593241871553,0.00464960569076656,-0.0139862419747399,0.0266334231251744,-0.8127,6.22659,0.0153876999635383,0.0254741603605879
Nov 2021,-0.3,-4.3,0.00562708269680101,0.00248036505833227,0.0086786024830996,0.00186688873437291,0,0.00822448982040846,0.12,-13422,0.00727805250485236,0.00684934184557484,-0.233072924303164,-0.000887180303644097,0.00675749830216343,0.0116672675752083,0.0767733754619755,0.0334132465729562,0.62547295,-0.75958353,0.00861451516039402,0.0046196249061321,0,0.0486659734457913,-0.4899,6.86556,-0.00448338026470996,-0.0759591225071086
Dec 2021,-0.3,3.19999999999999,0.00520658459639911,0.00658438592817889,0.00244214840648205,-0.0150154996347478,0,0.00721238434739391,0.17,187,-0.00363240501100748,-0.0158242036062735,0.130104754283957,-0.0315578404077121,-0.00290710001300631,-0.0080433758377314,0.00992129527005847,0.0836535266403029,0.14046811,-0.32873629,0.00928081744350884,0.0039552058227601,0,0.0207070078255507,-0.7718,7.15946,0.0292320482378141,0.0345918664919953
Jan 2022,0.1,-3.39999999999999,0.00323277588332083,0.00572598701488536,0.00606763595428994,0.012330190584704,0,0.00540199138458064,0.3,-4361,0.019460073554713,0.0273614880111372,0.168554046680065,0.0280012272928651,-0.00385538901389459,0.0209728653846089,-0.0116823758543561,0.000520969014127459,-0.37855013,0.69629526,0.0120515848447136,0.00506118770954966,0.0346055291774756,0.024409886817403,-0.2064,7.57808,-0.0179218639554479,0.0840296230823139
Feb 2022,-0.2,-4.40000000000001,0.00682690234002159,0.0024439930698783,0.00658070750609241,0.00339006843511847,0,0.00450637547046284,0.46,-1086,0.0176870546372339,0.0318752085304492,0.0752689335600563,0.068834505820297,0.00617737993695133,0.0248734054700588,0.0192033832476399,-0.0333629036691212,0.38566035,-0.41621354,0.0183441079294155,0.00526930365358158,0.00677968698537867,0.00349372983555885,-0.0117,7.94922,0.0565934565819139,0.0601714922569139
Mar 2022,-0.0999999999999996,-3.4,0.00912914925422115,0.0064882628264531,0.0140018309252916,0.00976626160252003,0.12,0.00168179166537108,0.47,-14713,0.0290276082002201,0.0384662808277962,0.0447547483396047,0.159284769537553,0.00577952528935999,0.0286907643178305,-0.0133451356792724,0.00590605743608208,0.43028,-0.34937145,0.0267866562206986,0.00404046559867322,0.0134230203321408,0.0546901291576649,-0.6142,8.54078,0.0271648936209514,0.082559182743239
Apr 2022,0,5.8,0.00716089929421315,0.00524089085097135,0.00819817894662833,0.0101133885748705,0.13,0.00132041158970786,0.63,16520,0.00475705959945927,0.0100125992924296,0.039591754348848,-0.0297455367635087,0.000486119714331323,0.0201634778911375,0.0611742233691537,-0.00482963106734413,0.33520458,-0.28774169,0.0221953767740617,0.0051599901239463,0.00664454271866854,0.0308268632736564,0.1735,8.23516,-0.0213942344427709,0.0399574844365658
May 2022,-0.1,-6.8,0.00630533805352584,0.00401284647636846,0.00481969875938937,-0.00989704777987832,0.44,-0.00273016027983175,0.0800000000000001,721,0.00473453708211125,0.026422428052892,0.089478293720993,0.118567296395655,-0.00105043321531362,0.0294918330914253,-0.172915384413157,-0.0870602803321834,0.24175444,0.02936337,0.0156690206878531,0.00594727238383985,0.0196727655987048,0.00997903146864765,0.2699,8.53005,-0.0342894384284396,0.0142649405001274
Jun 2022,0,-8.4,0.00805503979235844,-0.00120216403979123,0.0102294429742624,-0.00341835318991102,0.44,-0.00220614116469164,0.38,2372,0.00202224538076834,0.0108565601911952,-0.0596197063850612,0.0522443990375197,-0.00311833868946998,0.0252948434862592,0.0129787675188551,0.019181058851844,0.59205552,-0.71000269,0.0058464279133954,0.00766943761453476,0.0382212128201977,0.0360550089425837,0.3637,8.9993,-0.0162663993341026,-0.115226406206987
Jul 2022,-0.1,1.5,0.00469667104771432,0.00480000921603141,0.00083883884857805,-0.0094533470016458,0.47,-6.00676916864273e-05,0.04,11389,-0.0142423567155427,-0.0379018471866779,-0.0617214090365232,-0.117936988393197,0.00202728497397242,-0.0288767179908609,-0.116092009767247,-0.0197680855784164,-0.91743567,2.56312006,-0.00378195229222289,0.0068285350829731,0.0246926125903717,0.0171465903988803,-0.2016,8.44778,-0.0284759906361369,0.0400161898112943
Aug 2022,0.1,6.7,0.00620838371504817,0.00358494707782597,0.00820480635807463,0.00531626723736167,0.65,-0.00161393662065734,0.21,1437,-0.0123712918025474,-0.013801975683104,-0.117375952402237,-0.123486335570833,-0.00125247582966992,-0.0100698499575058,0.103113242248392,-0.0896305088286899,0.0678539499999999,-0.0673756999999999,-0.0112116657955657,0.00762376109439078,0.0181273845925567,0.00413488621666858,-0.2089,8.21626,-0.0332984539771601,-0.00152627764996716
Sept 2022,-0.1,0.399999999999999,0.00564337936679138,0.00357214112726423,0.0042496019040108,-0.00683784710953717,0.23,-0.00397424916237732,0.61,-822,-0.0104276231622595,-0.00952085897065924,-0.119908169276977,-0.0307798243651047,0.00193193236960543,-0.00613275118967138,-0.0284881802646471,0.0272427363938741,0.80201804,-1.11842196,-0.0104794154743262,0.00876445227765288,0,0.000547149675881542,0.514,8.20575,-0.028315093999888,-0.0871524874635199
Oct 2022,0.1,1.3,0.00662352672491551,0.00592535804357475,0.00647050653195436,0.00500353971389167,0.52,-0.0044987431911867,0.52,-6992,-0.00279916207961417,-0.00511510066677001,0.0797057334103668,0.00831884577343733,-0.000384112746256271,-0.0106463228743872,-0.0362680871993151,-0.00375704887771189,-1.29719037,2.6162392,-0.00594747884031577,0.00758464228172517,-0.006006024060212,-0.0249328536243656,-0.2994,7.75726,-0.0173084496016944,0.0165853672246135
Nov 2022,0,-3.2,0.00629204185530874,0.00706439358650846,-8.83548330676831e-05,-0.016317650658177,0.7,-0.00309940059953107,0.12,11975,-0.00773834322317146,-0.00385356931599024,-0.0725980284453094,-0.0571898539543931,-0.00294449347072856,-0.00720917593210135,-0.00769503622180068,-0.129060313013154,0.35708907,0.22250631,-0.00609426124723544,0.00820479197183932,-0.0182375875497809,0.00565602379037156,-0.2341,7.13138,0.0801548547578532,0.0235366522630924
Dec 2022,-0.1,3.09999999999999,0.00364880337702012,0.00390320557995372,0.000469295651065238,-0.012071480926954,0.32,-0.00653405210276858,-0.21,-7723,0.00141143283840783,-0.0300479823596911,-0.00398406901487469,-0.133935710747525,-0.0118454007975251,-0.0201905318400399,-0.084970559954777,0.00640343703520774,-0.37092921,0.5783043,-0.00848404821567073,0.00803689771743255,0.0121952730938184,0.00353041501106244,-0.0429,6.41083,0.0310151964193528,-0.0283828226684193
Jan 2023,0,5.10000000000001,0.00321775345343411,0.00660068403135217,0.0181924635841479,0.0372843098993059,0.23,-0.000645856288787883,-0.0800000000000001,1721,-0.00353232440754514,0.00198741370483813,-0.0152098966349028,0.121120499054658,0.0073760242218297,0.00899404662466363,0.0397204706343217,0,-0.18910308,0.52801912,-0.00512792805894158,0.00703601383841423,0.0180185055026783,0.000618857131978956,-0.5135,6.3403,0.0553363630267549,-0.0089499821172172
Feb 2023,0.1,2,0.00220986891094554,-0.00116166518387883,0.00230098610754403,-0.0153687924239954,0.24,-0.000981368238083036,0.32,-402,-0.00212539931231337,0.00396301707579294,-0.0265689760396146,-0.043045732031435,0.00135821357158683,-0.00600507493566038,0.0275379720140156,0.137601114246222,-0.0659266400000003,0.07788489,0.00271886227782581,0.00710446560027744,0,0.00156006082046733,-0.2338,5.95765,-0.0540123103387007,-0.0517735429563704
Mar 2023,-0.1,-4.90000000000001,0.00504360945162041,0.00463858582005061,0.00155625234046219,-0.0111448777459078,0.0800000000000001,-0.0146696084139233,-0.23,10615,-0.00783200870673273,-0.00396301707579294,-0.0157318399184136,0.0233634758222656,0.00375777546565903,-0.00623195115650255,-0.0158504759368272,-0.0891487308602761,-0.53983859,1.16620483,0.0132761110350117,0.00451246921884607,-0.0119761910467158,0.00591386993265974,-0.2764,4.93135,0.0752698321240457,-0.00615592398240405
Apr 2023,-0.1,1.7,0.00250311507943834,0.00308047990998706,0.0065335438618721,0.0041007408010163,0.18,-0.00702789523337266,-0.28,-12523,0.00285510543697942,-0.000662032463769613,0.014430264829028,0.066436747596436,0.00229886863472384,-0.000599256783892166,-0.016844045256434,-0.00406229400887881,0.5775817,-1.35203067,0.0137357092177428,0.00504692569704801,-0.00604231445596248,0.00261237961897187,-0.2959,4.94695,0.0106330922651061,-0.0114023321064236
May 2023,0.2,-4.7,0.00104727758074752,0.00422022494767038,0.00122231053324207,0.0035575271926529,0.23,0.00343359137652044,0.11,5296,-0.00428572084549916,-0.0207434670981703,-0.119820144319425,-0.0235239849795921,-0.0032089990224673,-0.0126838344408791,0.156890118902151,0.0662754785104518,0.00280600000000009,-0.10011973,0.0127379764266511,0.00461836237698154,0,0.00273302834157008,-0.3239,4.12531,-0.01284207951747,-0.062773446429917
Jun 2023,0,5.2,0.00472524293727794,0.00876697057914111,0.00579098569017944,0.00218055526434924,0.0200000000000005,-0.00088496006621952,0.51,651,-0.00214976793649235,-0.00610378293801794,0.0367555966777724,0,-0.00804786480502262,0.000748724248324173,-0.108592444277271,-0.0730828567384769,-1.28737603,6.85769694,0.00964107057718966,0.00469498007591174,0.0298529631496811,-0.00224125469217284,-0.6974,3.05925,-0.0234931833534819,0.0352397436842891
Jul 2023,-0.1,7.3,0.00178137665133526,0.00303145362882606,0.0059059262622192,0.000233509514327324,0.04,-0.000514983876023223,0.19,1404,0,0.00339558900113879,0.146397601677703,0.0507750979795203,0.00783085618377655,-9.84843262985535e-05,0.0270755866052816,0.0388528439003748,1.10805399,-2.90089309,0.00621286654787134,0.00404856318433477,-0.00589972212718837,0.00461184891897748,-0.7598,3.28033,0.0230548112800406,0.0561506868809678
Aug 2023,0.2,-2.09999999999999,-0.00283696385458754,0.00189000245260962,0.00365246524316021,0.00430117825224841,0.21,-0.0012090880566582,0.0700000000000003,4594,0.00643548878199152,0.011459511989786,0.0211680114327013,0.0147955142835949,-0.000668166927796143,0.0150340553892114,-0.103080012959102,0.0253013820938008,0.1326524,-0.79828363,0.00438262253280985,0.0050769184525068,0.00589972212718837,0.0041703035666707,-0.681,3.71864,-0.012556288337044,-0.0122859418035643
Sept 2023,0.0999999999999996,-1.60000000000001,0.00199974838235661,0.0048973539207906,0.00498930021817934,0.00273683488425469,0,-0.00127811570116698,0.119999999999999,-400,0.00497690326975331,0.0053476063265947,0.0828835794971328,0.00627453038938874,0.00180124530768744,0.00485469794804061,0.0401839778190336,-0.0154941769768362,0.20546591,-0.98388857,0.00273941611925377,0.00555326974337067,0.00586511945239798,0,-0.4982,3.69508,-0.0482303795101027,-0.0112849045529293
Oct 2023,0.1,-4,0.00212808340780946,0.00112676068259043,0.0032130015192422,-0.00563809995374775,0,-0.00159873680741462,0.0500000000000007,-4535,-0.00640343703520685,-0.00937716181259685,-0.106009496596892,-0.0996720375028786,-0.00548117904107315,-0.0145569999540891,-0.00219058137981865,-0.00587277381213003,-0.0428611699999997,-0.13966159,0.00112243327151162,0.00541441464749504,-0.0117648415795863,0.00175436757097902,-0.3493,3.24654,0.0707515214074341,-0.00212837855279524
Nov 2023,-0.2,-2.5,0.00472202416944789,0.00710681876534425,0.00363035581789539,-0.00260846484267852,0,0.000454281855869709,-0.19,-953,-0.00500895501653797,-0.00742995650378386,-0.0760697187367612,-0.0700629185064936,0.00392385648842364,-0.00919604628855897,0.101405335814898,-0.0164965799734915,0.0216220299999996,-0.40011118,-0.00244474645534964,0.00528497737259315,-0.00593473551981449,0,-0.7357,3.13986,0.030226282949906,-0.0272224980809801
Dec 2023,0.0999999999999996,8.40000000000001,-0.000178479431095724,0.0114879899691904,0.00543909157365441,-0.000715035793495744,0,0.000222232959028901,-0.42,1165,-0.00719945514285403,-0.00680274732275254,-0.0511124462091024,-0.0384057272469414,-0.00258901106065057,-0.0118953825654406,0.00461285826189872,0.0105891128427986,0.30046929,-1.15638136,-0.00380699713805832,0.00431512768021758,0.00593473551981449,0.0155255394593956,-0.4191,3.3222,0.00877726878312579,-0.0315382330180594
Jan 2024,-0.0999999999999996,9.3,0.00300207297606292,0.00220831889522843,0.00102625777404697,-0.0119430747426055,0,0.00346238025040257,-0.14,-3189,0.00719945514285403,0.00680274732275254,0.0592736077364382,-0.00676222187194253,-0.0138202848856546,0.00574654594723079,-0.0965601388500001,0.0169716867360723,-0.67303243,0.88050548,-0.000418175858690084,0.00343534755116703,0.0233928795747054,0.00644108026855772,-0.8327,3.10794,-0.0115891366526224,-0.000870155252864713
Feb 2024,0.2,-2.09999999999999,0.00210571504482537,0.00549955556603887,0.00739103953502429,0.00310923474266289,0,0.00422730020257944,0.22,646,0.00214976793649235,0.00742995650378386,0.0378180114615523,0.0485593505504038,0.0106533450234574,0.0143019868548384,0.116736547333872,0.020500397631193,0.00969547999999998,-0.11111212,0.00618080855323644,0.00405952255058661,0,0,-0.6729,3.16642,0.00247145027653861,-0.0190655019971793
Mar 2024,0,2.5,2.43804263835301e-05,0.00364963908754934,0.00693345813273183,-4.53870837517911e-05,0,0.00190603955985935,0.0499999999999998,165,0.00571022251088493,0.00134499011533329,0.0581117027586613,0.0809656426721372,0.00171862004766066,0.00066271783391425,-0.16799173123913,-0.0661885818026207,-0.34611471,0.63984347,0.0132868365651966,0.00367710454203696,0.00576370471675003,0.00450417134762393,-0.9341,3.469,0.0876923285374671,0.028449078819472
Apr 2024,0,-2.2,0.000696077227289038,0.00218340698094366,0.00427543806883257,-0.00296369241820393,0,0.00133875869270028,0.28,-6844,0.00850465792283384,0.00669794868412765,-0.00561363074652288,0.036235848454045,-0.00213352387770893,0.00735445331934503,0.054147449117405,-0.0115844566376326,0.62215354,-0.95098348,0.0123275034749026,0.00280662277415544,-0.00576370471675003,-0.0097906715367797,-0.8414,3.35405,0.0240998817899261,0.0217244447940104
May 2024,0.1,-8.10000000000001,0.0016452422069726,0.00435256399884176,0.00468247113507125,0.00709906475348099,0,0.00288656944621302,-0.00999999999999979,-1346,-0.00141242961334243,-0.00669794868412765,-0.0684027268844005,-0.021024287536265,0.0061619317981485,-0.00650023468148664,-0.0511033067361764,-0.036291491408396,0.23130076,-0.13102771,0.00913378691856526,0.00332311450702782,0.0114943794257352,0,-0.8496,3.23887,0.0179031720676894,0.0128709099322428
Jun 2024,0.0999999999999996,-0.899999999999991,0.000308243584079548,0.00397327595136021,0.00436841803204935,-0.000443066024084615,0,0.00302551940493245,-0.12,564,0.000706464176326804,-0.0026917916657121,0.0604661772886637,-0.039634553316223,0.000307300368700858,0.0023512071031826,0.00832392244694447,0.0376613546363105,-0.20982743,0.36355157,0.00478479394429421,0.00250540418315204,0.016997576368571,0.00592786597037254,-0.835,2.97009,-0.000243188588188836,-0.0196101056685762
Jul 2024,0.100000000000001,-1.8,0.00356428663595132,0.00575127394063468,0.00527718971082436,0.00779276202385759,0,0.00148087702561028,-0.24,-4747,0.00141143283840783,0.00537635703638095,-0.0427958516335547,0.0132911520295989,-0.00914330431600341,0.0054828822070494,-0.0478486331705863,-0.0172596621425303,-0.17019589,0.19630545,0.000986152472721713,0.00418634464031165,0,0.00207520416008489,-0.6215,2.93846,0.0350380940904422,-0.0460188732049476
Aug 2024,0,1.5,0.0015397722985373,-0.000358487187922307,0.00259319107642675,-0.00437539061321601,0,0.00410837587277335,-0.53,7425,-0.00282486063555432,-0.00672497490767476,-0.0629269172432299,-0.0503269356724976,0.00454277237198397,-0.00724674767980282,0.0949507907618221,0.0274742555522485,-0.20858491,0.02689203,-0.00171179505181396,0.0039060324935063,-0.005633817718256,0,-0.6496,2.61091,0.0381450029076245,-0.00376032844205909
Sept 2024,-0.100000000000001,2.19999999999999,0.000798733530880114,0.00429338763261944,0.0072879031575912,0.00663427584624188,-0.2,0.00407745359100886,-0.35,-10284,-0.00354233455783781,-0.00609138939340159,-0.0805908091867069,-0.0412874413890933,-0.00621758071865575,-0.0109458039183954,-0.0247465320885736,-0.0288679840008523,-0.11093849,-0.0948623799999999,-0.00113256220423619,0.00377758580004972,0.005633817718256,0,-0.2698,2.43254,0.0623425996433769,0.0433132454704603
Oct 2024,0,0.400000000000006,0.0019962939908762,0.00213980110177392,0.00388373088080485,0.00387392158904376,-0.3,0.00237750783895407,0.35,7248,0.00141843995413371,0.0101317989304075,0.0120004331771151,-0.0261327809375997,-0.00340128360164549,0.00157781444184657,-0.00369140323195971,-0.004192878260036,0.0200075000000002,-0.23398689,-0.00210233059966214,0.0036740416410117,-0.005633817718256,0.00658828531565714,-0.3842,2.5714,0.0304166242364117,-0.0226278853335673
Nov 2024,0.100000000000001,1.3,-0.00147043496515842,0.00532955605087704,0.00432170698986489,0.00358350725471013,-0.19,0.00467273066717055,0.29,-5502,0.00141643083171328,0,-0.0191532262452352,-0.0172614609916264,-0.00178102501270594,0.000513537653595186,-0.0430742824692718,0.0545094056683721,0.17554739,-0.15755652,-0.0008767624566417,0.00298111089851805,-0.00566573753567723,0,-0.6204,2.71417,-0.0353707874865101,0.00046882039534335
Dec 2024,-0.100000000000001,2.2,-0.0223051121601721,0.00389036741775728,0.00983159146755419,0.00407534848585378,-0.159999999999999,0.000775114204719429,-0.0299999999999994,-17196,0.000707463771990824,0.0046932704317495,0.0594346895366522,-0.0125621486686567,0.010367801884561,0.000836896111882091,0.156244459863756,-0.0187421818097411,0.21868054,-0.45943904,-0.0012423667135586,0.00350958827810643,0,0,-0.624,2.87237,-0.0101004488436747,0.00629246875841716
Jan 2025,-0.0999999999999996,-2.3,0.00196056000681821,0.00878585865929615,-0.00254292231279862,-0.0133385801364998,-0.15,0.0031642572811279,0.0399999999999991,-31853,0.00282486063555432,0.0139490803775297,0.00550662184419437,0.0317590941354604,-0.00262086460851751,0.0154158535746758,-0.108742125878752,-0.0136056520557784,-0.0233979300000002,0.0408920499999998,0.000976716517700815,0.00315977395947087,0.0169018108026031,0.00139509982345043,-0.7647,2.99941,0.0640455632133703,0.0351305987799897
Feb 2025,0.0999999999999996,-7,-0.000233437665208669,0.00209716959072326,0.00281099204177693,-0.0017371831036499,0,0.00335369708391831,-0.0599999999999996,8523,0.00211342100502776,0.00657464564208521,-0.0401986761016024,0.00706489772212171,0.0102862253908436,0.00827311251637841,0.0927630908208634,-0.00411805660891762,0.10070382,-0.29879634,0.00446342617925044,0.00255084086977142,0,0,-0.4584,2.81427,0.0274975501899331,0.00447126469766967
Mar 2025,0.100000000000001,-7.7,0.0128708275548242,0.00834497193218064,0.00792183315081019,0.0155801456257763,0,0.00333786561704841,-0.24,-16141,-0.00352485384343559,-0.000655522802889941,0.0267923527225467,0.0117704555989155,-0.000582765302085342,-0.0037565943761102,-0.0949746656257036,0.0183991561743344,-0.54380951,0.92079907,0.00798613494208666,0.0027713343672584,0.0111112254250707,0.00915596354426551,-0.6242,2.40559,0.0705142969705905,0.0349083695131798
Apr 2025,0,-4.8,0.00346820716715612,-0.00346861256540354,0.00306063083179531,-0.00329191784378935,0,0.00616489539827114,-0.19,76228,0.000705965437015621,0.000655522802889941,-0.188042635679042,-0.00921372681722565,0.000865615484362259,-0.000514589394176923,0.031241189479954,-0.040653203904613,0.70333287,-1.38405769,0.00657794071142526,0.0026782199149844,0,0.00390562634309433,-0.2699,2.33375,0.0588740972371795,-0.0528195247300118
May 2025,0,0,0.00168840541770265,0.00312229221562177,0.000414443856019631,-0.00871838109086909,0,0.00261021894660729,0.14,-10925,-0.0049522563184663,-0.00657464564208521,0.0315702609010291,0.00858101562876601,-0.00149031324155935,0.00110623331141202,-0.0866212853131403,-0.0198870190427165,-0.19584832,0.32878391,0.00466010983074394,0.00171233313710051,0.00550965581096974,0,-0.5398,2.37593,0.00489108235009361,-0.00935433325101531
Jun 2025,-0.100000000000001,8.5,-0.000792389077972189,0.00242172752849434,0.00544887157571416,0.00676825309265361,0,0.00525477679227926,-0.0299999999999998,12030,-0.00141944665422589,0.00460678669284498,0.075803340489478,0.00126502230658687,0.0044534480559717,0.00694971592910321,0.0751103668470003,-0.000717617540663795,-0.31079525,0.51907375,0.00066654504436503,0.00206382258049764,0.0430173850836908,0,-0.7071,2.67268,-0.00706068336428345,0.0201375167181572
Jul 2025,0.100000000000001,1,0.00334818021864436,0.00654384976800548,0.00539074558252217,0.00450750978352765,0,0.00392985004706681,-0.0100000000000002,-18068,0.00283688133519888,0.00327761683130401,0.0594350226775404,-0.013042971604466,0.00160576138217827,0.00719528011270132,0.0334431736022518,-0.0225054870703483,0.40850526,-0.88230383,-0.00209160582041346,0.00205727572120207,-0.00527705710084381,0.00365666041700408,-0.8021,2.7318,0.00591166140900867,-0.00823112289481909
Aug 2025,0.0999999999999996,-3.5,0.000840484060448787,-0.00103039679389649,0.00503468044565913,0.00211806870709275,0,0.00360693865037653,-0.18,17889,0.000707964631340374,0.000654236202596081,-0.0891325977451745,0.00765553978132805,-0.00257243108331284,-0.000987669466542052,-0.0892404643056457,-0.0237752654936578,-0.09968683,0.68410042,-0.00349879291546351,0.0034201782397183,0.00527705710084381,0,-0.6099,2.93922,0.0387989092045036,0.0157181518167873
